INSERT INTO `data_guru` (`id`, `nama`, `pns_gtt`, `created_at`, `updated_at`) VALUES
(2, 'Dra. HARI MULYANI', NULL, '2022-12-04 07:20:01', '2022-12-04 07:20:01'),
(3, 'Drs. BUDI SANTOSA', NULL, '2022-12-04 07:20:01', '2022-12-04 07:20:01'),
(4, 'HERMAWANTO, S.Pd., M.Psi', NULL, '2022-12-04 07:20:01', '2022-12-04 07:20:01'),
(5, 'Drs. MOEHAMIN', NULL, '2022-12-04 07:20:01', '2022-12-04 07:20:01'),
(6, 'NURUL HIDAYATI, S.Pd., M.psi', NULL, '2022-12-04 07:20:01', '2022-12-04 07:20:01'),
(7, 'Drs. SOPA SLAMET, M.Pd', NULL, '2022-12-04 07:20:01', '2022-12-04 07:20:01'),
(8, 'DHURROTUL FARIDAH, S.pd', NULL, '2022-12-04 07:20:01', '2022-12-04 07:20:01'),
(9, 'DWI RETNO TUGAS ERNAWATI', NULL, '2022-12-04 07:20:01', '2022-12-04 07:20:01'),
(10, 'Dra. DYAH CHUSNUL CHOTIMAH', NULL, '2022-12-04 07:20:01', '2022-12-04 07:20:01'),
(11, 'SRI WINARTI, S.pd', NULL, '2022-12-04 07:20:01', '2022-12-04 07:20:01'),
(12, 'NUR HAYATI, S.psi, M.pd.', NULL, '2022-12-04 07:20:01', '2022-12-04 07:20:01'),
(13, 'SAMSUL HADI, M.pd', NULL, '2022-12-04 07:20:01', '2022-12-04 07:20:01'),
(14, 'TRIBUDI HARTONO, S.pd', NULL, '2022-12-04 07:20:01', '2022-12-04 07:20:01'),
(15, 'Ir.SUHARIYANTO', NULL, '2022-12-04 07:20:01', '2022-12-04 07:20:01'),
(16, 'Drs. MU\'AT, M.SI.', NULL, '2022-12-04 07:20:01', '2022-12-04 07:20:01'),
(17, 'MISBAHUR ROSYIDIN, S.Pd.', NULL, '2022-12-04 07:20:01', '2022-12-04 07:20:01'),
(18, 'KASIATIN, S.Pd.', NULL, '2022-12-04 07:20:01', '2022-12-04 07:20:01'),
(19, 'HERI SUBYANTORO, ST, M.Pd.', NULL, '2022-12-04 07:20:01', '2022-12-04 07:20:01'),
(20, 'MUNASRI, S.Pd', NULL, '2022-12-04 07:20:01', '2022-12-04 07:20:01'),
(21, 'NURUL HUDA , ST, M.SI.', NULL, '2022-12-04 07:20:01', '2022-12-04 07:20:01'),
(22, 'DEDY HENDRIANA, M.Pd', NULL, '2022-12-04 07:20:01', '2022-12-04 07:20:01'),
(23, 'DWI SANTOSO, S.Pd', NULL, '2022-12-04 07:20:01', '2022-12-04 07:20:01'),
(24, 'TJIPTO SUHARSOYO, S.Pd', NULL, '2022-12-04 07:20:01', '2022-12-04 07:20:01'),
(25, 'BABANG SUJATMIKO, S.Pd', NULL, '2022-12-04 07:20:01', '2022-12-04 07:20:01'),
(26, 'AGUS HARIYANTO, ST.', NULL, '2022-12-04 07:20:01', '2022-12-04 07:20:01'),
(27, 'HISBULLOH HUDA, M.Pd', NULL, '2022-12-04 07:20:01', '2022-12-04 07:20:01'),
(28, 'ISWAHYUDI, S.ST', NULL, '2022-12-04 07:20:01', '2022-12-04 07:20:01'),
(29, 'SUHARTO DWI SUHERNOWO, ST', NULL, '2022-12-04 07:20:01', '2022-12-04 07:20:01'),
(30, 'ARSYL NOVA ARIRI, ST, M.Pd', NULL, '2022-12-04 07:20:01', '2022-12-04 07:20:01'),
(31, 'INDAH MUSFIROH, M.Pd', NULL, '2022-12-04 07:20:01', '2022-12-04 07:20:01'),
(32, 'TUTIK QOMARIYAH, S.Si', NULL, '2022-12-04 07:20:01', '2022-12-04 07:20:01'),
(33, 'LAILA FITRIYA, S.Ps.I', NULL, '2022-12-04 07:20:01', '2022-12-04 07:20:01'),
(34, 'EKA PRAMITASARI, M.Pd', NULL, '2022-12-04 07:20:01', '2022-12-04 07:20:01'),
(35, 'WAWAN SISWANTO, SS', NULL, '2022-12-04 07:20:01', '2022-12-04 07:20:01'),
(36, 'AGUS HIDAYAT, S.Pd', NULL, '2022-12-04 07:20:01', '2022-12-04 07:20:01'),
(37, 'NUR \'AFIFAH, M.Pd', NULL, '2022-12-04 07:20:01', '2022-12-04 07:20:01'),
(38, 'ARI KUNTADI, S.Pd', NULL, '2022-12-04 07:20:01', '2022-12-04 07:20:01'),
(39, 'IMAM SUFERI, ST.', NULL, '2022-12-04 07:20:01', '2022-12-04 07:20:01'),
(40, 'R.A. RATNA KARTIKAWATI, S.Pd', NULL, '2022-12-04 07:20:01', '2022-12-04 07:20:01'),
(41, 'HARTONO, S.PD', NULL, '2022-12-04 07:20:01', '2022-12-04 07:20:01'),
(42, 'MOHAMMAD ARIEF PRIYO', NULL, '2022-12-04 07:20:01', '2022-12-04 07:20:01'),
(43, 'SIGIT EKO PRAMONO, S.Pd', NULL, '2022-12-04 07:20:01', '2022-12-04 07:20:01'),
(44, 'SULIADI, S.Pd', NULL, '2022-12-04 07:20:01', '2022-12-04 07:20:01'),
(45, 'AGUNG RAKHMANDA S.Kom', NULL, '2022-12-04 07:20:01', '2022-12-04 07:20:01'),
(46, 'ZAINUL ARIFIN, M.Pd', NULL, '2022-12-04 07:20:01', '2022-12-04 07:20:01'),
(47, 'FIRMAN ARDIANSYAH. S.Pd', NULL, '2022-12-04 07:20:01', '2022-12-04 07:20:01'),
(48, 'RIRIN DIYANNITA SASANTI, S.Pd', NULL, '2022-12-04 07:20:01', '2022-12-04 07:20:01'),
(49, 'AZIZ CAHYA PRADANA, S.Pd', NULL, '2022-12-04 07:20:01', '2022-12-04 07:20:01'),
(50, 'WAHYU ROFIUL AMIN, S.Pd', NULL, '2022-12-04 07:20:01', '2022-12-04 07:20:01'),
(51, 'EFRIDA ISBANDRIYAH, S.T', NULL, '2022-12-04 07:20:01', '2022-12-04 07:20:01'),
(52, 'RUDYANA NARASTITI, S.Pd', NULL, '2022-12-04 07:20:01', '2022-12-04 07:20:01'),
(53, 'A.E. ERNA NI\'MAH, S.Pd', NULL, '2022-12-04 07:20:01', '2022-12-04 07:20:01'),
(54, 'YUNIAR DWI LISTYANTO, ST', NULL, '2022-12-04 07:20:01', '2022-12-04 07:20:01'),
(55, 'HARI PURWANTO, ST', NULL, '2022-12-04 07:20:01', '2022-12-04 07:20:01'),
(56, 'BENY WIJAYANTO, SS', NULL, '2022-12-04 07:20:01', '2022-12-04 07:20:01'),
(57, 'ANITA LIYAA, S.Pd', NULL, '2022-12-04 07:20:01', '2022-12-04 07:20:01'),
(58, 'NURUL JAMILAH, S.Hum', NULL, '2022-12-04 07:20:01', '2022-12-04 07:20:01'),
(59, 'DARIS UMAMI, S.Pd', NULL, '2022-12-04 07:20:02', '2022-12-04 07:20:02'),
(60, 'SOTYA BANYUNTARA, S.Pd', NULL, '2022-12-04 07:20:02', '2022-12-04 07:20:02'),
(61, 'MUCHAMAD ISKAK FATONI, S.Pd', NULL, '2022-12-04 07:20:02', '2022-12-04 07:20:02'),
(62, 'ANDRIYUDHI PRASETYO, ST', NULL, '2022-12-04 07:20:02', '2022-12-04 07:20:02'),
(63, 'SUYANTI, S.Kom', NULL, '2022-12-04 07:20:02', '2022-12-04 07:20:02'),
(64, 'ENDANG MULYANI, S.Pd', NULL, '2022-12-04 07:20:02', '2022-12-04 07:20:02'),
(65, 'Dra. WIWIK AGUSTIN', NULL, '2022-12-04 07:20:02', '2022-12-04 07:20:02'),
(66, 'SRI PURWANINGSIH, S.Pd', NULL, '2022-12-04 07:20:02', '2022-12-04 07:20:02'),
(67, 'MUSNI, S.Pd.', NULL, '2022-12-04 07:20:02', '2022-12-04 07:20:02'),
(68, 'YUDI SUSANTOSO, S.Pd', NULL, '2022-12-04 07:20:02', '2022-12-04 07:20:02'),
(69, 'NUR FAUZIYAH, S.Ag.(B)', NULL, '2022-12-04 07:20:02', '2022-12-04 07:20:02'),
(70, 'MAMIEK ZUHRIYAH. S.Hum', NULL, '2022-12-04 07:20:02', '2022-12-04 07:20:02'),
(71, 'KHOIRUZEN, ST', NULL, '2022-12-04 07:20:02', '2022-12-04 07:20:02'),
(72, 'SRIGATI, SE', NULL, '2022-12-04 07:20:02', '2022-12-04 07:20:02'),
(73, 'UMI RU\'YATIN, M.Pd', NULL, '2022-12-04 07:20:02', '2022-12-04 07:20:02'),
(74, 'EVY KUSHARDIANY, S.Pd', NULL, '2022-12-04 07:20:02', '2022-12-04 07:20:02'),
(75, 'IDA SANTIKA KUMALA, S.Pd', NULL, '2022-12-04 07:20:02', '2022-12-04 07:20:02'),
(76, 'AGUS IRIANTO, S.Pd', NULL, '2022-12-04 07:20:02', '2022-12-04 07:20:02'),
(77, 'SAMUJI, S.Ag', NULL, '2022-12-04 07:20:02', '2022-12-04 07:20:02'),
(78, 'IKA UMAYA MARDIANA, S.Pd', NULL, '2022-12-04 07:20:02', '2022-12-04 07:20:02'),
(79, 'YEFI WULANDARI, SE', NULL, '2022-12-04 07:20:02', '2022-12-04 07:20:02'),
(80, 'CAHYA ISKANDAR, ST', NULL, '2022-12-04 07:20:02', '2022-12-04 07:20:02'),
(81, 'SUDARMONO, ST', NULL, '2022-12-04 07:20:02', '2022-12-04 07:20:02'),
(82, 'KHOIRUL AMIN, S.Pd', NULL, '2022-12-04 07:20:02', '2022-12-04 07:20:02'),
(83, 'ETIK SULISTYOWATI, S.Pd', NULL, '2022-12-04 07:20:02', '2022-12-04 07:20:02'),
(84, 'AKHMAD ROFI SAFUAT, S.Pd', NULL, '2022-12-04 07:20:02', '2022-12-04 07:20:02'),
(85, 'NOVAN EKO SETYAWAN, S.Kom', NULL, '2022-12-04 07:20:02', '2022-12-04 07:20:02'),
(86, 'ESTI WIDHIARNI, S.T', NULL, '2022-12-04 07:20:02', '2022-12-04 07:20:02'),
(87, 'SUWOYO, S.Kom', NULL, '2022-12-04 07:20:02', '2022-12-04 07:20:02'),
(88, 'HUDAN RARA ANGGRIADI, S.Pd', NULL, '2022-12-04 07:20:02', '2022-12-04 07:20:02'),
(89, 'ZAKIA NUR QOMARIYA, S.Pd', NULL, '2022-12-04 07:20:02', '2022-12-04 07:20:02'),
(90, 'SIDARTA, S.Pd', NULL, '2022-12-04 07:20:02', '2022-12-04 07:20:02'),
(91, 'DELIA NURUL AFIFA, S.Pd', NULL, '2022-12-04 07:20:02', '2022-12-04 07:20:02'),
(92, 'ERYANA S.Pd', NULL, '2022-12-04 07:20:02', '2022-12-04 07:20:02');

INSERT INTO `nilai` (`id`, `id_guru`, `id_kriteria`, `id_periode`, `nilai`, `normalisasi_kriteria`, `normalisasi_bobot`, `created_at`, `updated_at`) VALUES
(1, 2, 1, 1, 76.55000000, 0.01058398, 0.00483370, '2022-12-04 07:20:01', '2022-12-04 07:32:19'),
(2, 2, 2, 1, 82.40000000, 0.01132931, 0.00290823, '2022-12-04 07:20:01', '2022-12-04 07:32:19'),
(3, 2, 3, 1, 74.00000000, 0.01016907, 0.00159349, '2022-12-04 07:20:01', '2022-12-04 07:32:19'),
(4, 2, 4, 1, 80.00000000, 0.01096351, 0.00098672, '2022-12-04 07:20:01', '2022-12-04 07:32:19'),
(5, 2, 5, 1, 84.77000000, 0.01155952, 0.00046238, '2022-12-04 07:20:01', '2022-12-04 07:32:19'),
(6, 3, 1, 1, 74.00000000, 0.01023141, 0.00467268, '2022-12-04 07:20:01', '2022-12-04 07:32:19'),
(7, 3, 2, 1, 79.00000000, 0.01086184, 0.00278823, '2022-12-04 07:20:01', '2022-12-04 07:32:19'),
(8, 3, 3, 1, 80.68000000, 0.01108703, 0.00173734, '2022-12-04 07:20:01', '2022-12-04 07:32:19'),
(9, 3, 4, 1, 80.00000000, 0.01096351, 0.00098672, '2022-12-04 07:20:01', '2022-12-04 07:32:19'),
(10, 3, 5, 1, 75.00000000, 0.01022725, 0.00040909, '2022-12-04 07:20:01', '2022-12-04 07:32:19'),
(11, 4, 1, 1, 81.90000000, 0.01132368, 0.00517153, '2022-12-04 07:20:01', '2022-12-04 07:32:19'),
(12, 4, 2, 1, 81.95000000, 0.01126744, 0.00289235, '2022-12-04 07:20:01', '2022-12-04 07:32:19'),
(13, 4, 3, 1, 81.95000000, 0.01126156, 0.00176469, '2022-12-04 07:20:01', '2022-12-04 07:32:19'),
(14, 4, 4, 1, 82.50000000, 0.01130612, 0.00101755, '2022-12-04 07:20:01', '2022-12-04 07:32:19'),
(15, 4, 5, 1, 79.00000000, 0.01077270, 0.00043091, '2022-12-04 07:20:01', '2022-12-04 07:32:19'),
(16, 5, 1, 1, 76.14000000, 0.01052729, 0.00480781, '2022-12-04 07:20:01', '2022-12-04 07:32:19'),
(17, 5, 2, 1, 82.25000000, 0.01130869, 0.00290294, '2022-12-04 07:20:01', '2022-12-04 07:32:19'),
(18, 5, 3, 1, 81.95000000, 0.01126156, 0.00176469, '2022-12-04 07:20:01', '2022-12-04 07:32:19'),
(19, 5, 4, 1, 82.40000000, 0.01129242, 0.00101632, '2022-12-04 07:20:01', '2022-12-04 07:32:19'),
(20, 5, 5, 1, 74.00000000, 0.01009089, 0.00040364, '2022-12-04 07:20:01', '2022-12-04 07:32:19'),
(21, 6, 1, 1, 89.00000000, 0.01230534, 0.00561985, '2022-12-04 07:20:01', '2022-12-04 07:32:19'),
(22, 6, 2, 1, 74.00000000, 0.01017438, 0.00261176, '2022-12-04 07:20:01', '2022-12-04 07:32:19'),
(23, 6, 3, 1, 76.14000000, 0.01046315, 0.00163957, '2022-12-04 07:20:01', '2022-12-04 07:32:19'),
(24, 6, 4, 1, 76.00000000, 0.01041534, 0.00093738, '2022-12-04 07:20:01', '2022-12-04 07:32:19'),
(25, 6, 5, 1, 81.95000000, 0.01117497, 0.00044700, '2022-12-04 07:20:01', '2022-12-04 07:32:19'),
(26, 7, 1, 1, 82.40000000, 0.01139281, 0.00520310, '2022-12-04 07:20:01', '2022-12-04 07:32:19'),
(27, 7, 2, 1, 70.00000000, 0.00962441, 0.00247059, '2022-12-04 07:20:01', '2022-12-04 07:32:19'),
(28, 7, 3, 1, 76.14000000, 0.01046315, 0.00163957, '2022-12-04 07:20:01', '2022-12-04 07:32:19'),
(29, 7, 4, 1, 80.68000000, 0.01105670, 0.00099510, '2022-12-04 07:20:01', '2022-12-04 07:32:19'),
(30, 7, 5, 1, 81.00000000, 0.01104543, 0.00044182, '2022-12-04 07:20:01', '2022-12-04 07:32:19'),
(31, 8, 1, 1, 81.95000000, 0.01133059, 0.00517468, '2022-12-04 07:20:01', '2022-12-04 07:32:19'),
(32, 8, 2, 1, 83.00000000, 0.01141181, 0.00292941, '2022-12-04 07:20:01', '2022-12-04 07:32:19'),
(33, 8, 3, 1, 74.00000000, 0.01016907, 0.00159349, '2022-12-04 07:20:01', '2022-12-04 07:32:19'),
(34, 8, 4, 1, 77.00000000, 0.01055238, 0.00094971, '2022-12-04 07:20:01', '2022-12-04 07:32:19'),
(35, 8, 5, 1, 81.95000000, 0.01117497, 0.00044700, '2022-12-04 07:20:01', '2022-12-04 07:32:19'),
(36, 9, 1, 1, 80.68000000, 0.01115500, 0.00509449, '2022-12-04 07:20:01', '2022-12-04 07:32:19'),
(37, 9, 2, 1, 77.20000000, 0.01061435, 0.00272470, '2022-12-04 07:20:01', '2022-12-04 07:32:19'),
(38, 9, 3, 1, 75.00000000, 0.01030649, 0.00161503, '2022-12-04 07:20:01', '2022-12-04 07:32:19'),
(39, 9, 4, 1, 80.55000000, 0.01103889, 0.00099350, '2022-12-04 07:20:01', '2022-12-04 07:32:19'),
(40, 9, 5, 1, 81.95000000, 0.01117497, 0.00044700, '2022-12-04 07:20:01', '2022-12-04 07:32:19'),
(41, 10, 1, 1, 79.00000000, 0.01092272, 0.00498841, '2022-12-04 07:20:01', '2022-12-04 07:32:19'),
(42, 10, 2, 1, 81.95000000, 0.01126744, 0.00289235, '2022-12-04 07:20:01', '2022-12-04 07:32:19'),
(43, 10, 3, 1, 74.00000000, 0.01016907, 0.00159349, '2022-12-04 07:20:01', '2022-12-04 07:32:19'),
(44, 10, 4, 1, 81.95000000, 0.01123075, 0.00101077, '2022-12-04 07:20:01', '2022-12-04 07:32:19'),
(45, 10, 5, 1, 82.40000000, 0.01123634, 0.00044945, '2022-12-04 07:20:01', '2022-12-04 07:32:19'),
(46, 11, 1, 1, 84.60000000, 0.01169699, 0.00534202, '2022-12-04 07:20:01', '2022-12-04 07:32:19'),
(47, 11, 2, 1, 80.00000000, 0.01099933, 0.00282353, '2022-12-04 07:20:01', '2022-12-04 07:32:19'),
(48, 11, 3, 1, 81.00000000, 0.01113101, 0.00174423, '2022-12-04 07:20:01', '2022-12-04 07:32:19'),
(49, 11, 4, 1, 82.40000000, 0.01129242, 0.00101632, '2022-12-04 07:20:01', '2022-12-04 07:32:19'),
(50, 11, 5, 1, 80.00000000, 0.01090907, 0.00043636, '2022-12-04 07:20:01', '2022-12-04 07:32:19'),
(51, 12, 1, 1, 76.14000000, 0.01052729, 0.00480781, '2022-12-04 07:20:01', '2022-12-04 07:32:19'),
(52, 12, 2, 1, 87.00000000, 0.01196177, 0.00307059, '2022-12-04 07:20:01', '2022-12-04 07:32:19'),
(53, 12, 3, 1, 74.00000000, 0.01016907, 0.00159349, '2022-12-04 07:20:01', '2022-12-04 07:32:19'),
(54, 12, 4, 1, 74.00000000, 0.01014125, 0.00091271, '2022-12-04 07:20:01', '2022-12-04 07:32:19'),
(55, 12, 5, 1, 76.14000000, 0.01038270, 0.00041531, '2022-12-04 07:20:01', '2022-12-04 07:32:19'),
(56, 13, 1, 1, 86.55000000, 0.01196660, 0.00546515, '2022-12-04 07:20:01', '2022-12-04 07:32:19'),
(57, 13, 2, 1, 68.00000000, 0.00934943, 0.00240000, '2022-12-04 07:20:01', '2022-12-04 07:32:19'),
(58, 13, 3, 1, 74.00000000, 0.01016907, 0.00159349, '2022-12-04 07:20:01', '2022-12-04 07:32:19'),
(59, 13, 4, 1, 77.00000000, 0.01055238, 0.00094971, '2022-12-04 07:20:01', '2022-12-04 07:32:19'),
(60, 13, 5, 1, 81.95000000, 0.01117497, 0.00044700, '2022-12-04 07:20:01', '2022-12-04 07:32:19'),
(61, 14, 1, 1, 81.54000000, 0.01127391, 0.00514879, '2022-12-04 07:20:01', '2022-12-04 07:32:19'),
(62, 14, 2, 1, 82.40000000, 0.01132931, 0.00290823, '2022-12-04 07:20:01', '2022-12-04 07:32:19'),
(63, 14, 3, 1, 81.95000000, 0.01126156, 0.00176469, '2022-12-04 07:20:01', '2022-12-04 07:32:19'),
(64, 14, 4, 1, 83.00000000, 0.01137465, 0.00102372, '2022-12-04 07:20:01', '2022-12-04 07:32:19'),
(65, 14, 5, 1, 80.68000000, 0.01100179, 0.00044007, '2022-12-04 07:20:01', '2022-12-04 07:32:19'),
(66, 15, 1, 1, 81.00000000, 0.01119925, 0.00511470, '2022-12-04 07:20:01', '2022-12-04 07:32:19'),
(67, 15, 2, 1, 73.00000000, 0.01003689, 0.00257647, '2022-12-04 07:20:01', '2022-12-04 07:32:19'),
(68, 15, 3, 1, 80.00000000, 0.01099359, 0.00172270, '2022-12-04 07:20:01', '2022-12-04 07:32:19'),
(69, 15, 4, 1, 81.95000000, 0.01123075, 0.00101077, '2022-12-04 07:20:01', '2022-12-04 07:32:19'),
(70, 15, 5, 1, 82.40000000, 0.01123634, 0.00044945, '2022-12-04 07:20:01', '2022-12-04 07:32:19'),
(71, 16, 1, 1, 74.77000000, 0.01033787, 0.00472131, '2022-12-04 07:20:01', '2022-12-04 07:32:19'),
(72, 16, 2, 1, 76.14000000, 0.01046861, 0.00268729, '2022-12-04 07:20:01', '2022-12-04 07:32:19'),
(73, 16, 3, 1, 79.00000000, 0.01085617, 0.00170116, '2022-12-04 07:20:01', '2022-12-04 07:32:19'),
(74, 16, 4, 1, 81.95000000, 0.01123075, 0.00101077, '2022-12-04 07:20:01', '2022-12-04 07:32:19'),
(75, 16, 5, 1, 82.40000000, 0.01123634, 0.00044945, '2022-12-04 07:20:01', '2022-12-04 07:32:19'),
(76, 17, 1, 1, 76.14000000, 0.01052729, 0.00480781, '2022-12-04 07:20:01', '2022-12-04 07:32:19'),
(77, 17, 2, 1, 81.95000000, 0.01126744, 0.00289235, '2022-12-04 07:20:01', '2022-12-04 07:32:19'),
(78, 17, 3, 1, 77.00000000, 0.01058133, 0.00165809, '2022-12-04 07:20:01', '2022-12-04 07:32:19'),
(79, 17, 4, 1, 81.95000000, 0.01123075, 0.00101077, '2022-12-04 07:20:01', '2022-12-04 07:32:19'),
(80, 17, 5, 1, 84.00000000, 0.01145452, 0.00045818, '2022-12-04 07:20:01', '2022-12-04 07:32:20'),
(81, 18, 1, 1, 82.40000000, 0.01139281, 0.00520310, '2022-12-04 07:20:01', '2022-12-04 07:32:20'),
(82, 18, 2, 1, 81.95000000, 0.01126744, 0.00289235, '2022-12-04 07:20:01', '2022-12-04 07:32:20'),
(83, 18, 3, 1, 80.68000000, 0.01108703, 0.00173734, '2022-12-04 07:20:01', '2022-12-04 07:32:20'),
(84, 18, 4, 1, 81.90000000, 0.01122390, 0.00101015, '2022-12-04 07:20:01', '2022-12-04 07:32:20'),
(85, 18, 5, 1, 74.00000000, 0.01009089, 0.00040364, '2022-12-04 07:20:01', '2022-12-04 07:32:20'),
(86, 19, 1, 1, 82.00000000, 0.01133751, 0.00517784, '2022-12-04 07:20:01', '2022-12-04 07:32:20'),
(87, 19, 2, 1, 81.95000000, 0.01126744, 0.00289235, '2022-12-04 07:20:01', '2022-12-04 07:32:20'),
(88, 19, 3, 1, 75.00000000, 0.01030649, 0.00161503, '2022-12-04 07:20:01', '2022-12-04 07:32:20'),
(89, 19, 4, 1, 81.00000000, 0.01110056, 0.00099905, '2022-12-04 07:20:01', '2022-12-04 07:32:20'),
(90, 19, 5, 1, 81.00000000, 0.01104543, 0.00044182, '2022-12-04 07:20:01', '2022-12-04 07:32:20'),
(91, 20, 1, 1, 79.00000000, 0.01092272, 0.00498841, '2022-12-04 07:20:01', '2022-12-04 07:32:20'),
(92, 20, 2, 1, 77.00000000, 0.01058686, 0.00271765, '2022-12-04 07:20:01', '2022-12-04 07:32:20'),
(93, 20, 3, 1, 78.00000000, 0.01071875, 0.00167963, '2022-12-04 07:20:01', '2022-12-04 07:32:20'),
(94, 20, 4, 1, 81.95000000, 0.01123075, 0.00101077, '2022-12-04 07:20:01', '2022-12-04 07:32:20'),
(95, 20, 5, 1, 80.68000000, 0.01100179, 0.00044007, '2022-12-04 07:20:01', '2022-12-04 07:32:20'),
(96, 21, 1, 1, 69.00000000, 0.00954010, 0.00435696, '2022-12-04 07:20:01', '2022-12-04 07:32:20'),
(97, 21, 2, 1, 81.95000000, 0.01126744, 0.00289235, '2022-12-04 07:20:01', '2022-12-04 07:32:20'),
(98, 21, 3, 1, 86.00000000, 0.01181811, 0.00185190, '2022-12-04 07:20:01', '2022-12-04 07:32:20'),
(99, 21, 4, 1, 82.40000000, 0.01129242, 0.00101632, '2022-12-04 07:20:01', '2022-12-04 07:32:20'),
(100, 21, 5, 1, 76.14000000, 0.01038270, 0.00041531, '2022-12-04 07:20:01', '2022-12-04 07:32:20'),
(101, 22, 1, 1, 77.00000000, 0.01064620, 0.00486212, '2022-12-04 07:20:01', '2022-12-04 07:32:20'),
(102, 22, 2, 1, 77.00000000, 0.01058686, 0.00271765, '2022-12-04 07:20:01', '2022-12-04 07:32:20'),
(103, 22, 3, 1, 82.40000000, 0.01132339, 0.00177438, '2022-12-04 07:20:01', '2022-12-04 07:32:20'),
(104, 22, 4, 1, 82.25000000, 0.01127186, 0.00101447, '2022-12-04 07:20:01', '2022-12-04 07:32:20'),
(105, 22, 5, 1, 76.14000000, 0.01038270, 0.00041531, '2022-12-04 07:20:01', '2022-12-04 07:32:20'),
(106, 23, 1, 1, 74.00000000, 0.01023141, 0.00467268, '2022-12-04 07:20:01', '2022-12-04 07:32:20'),
(107, 23, 2, 1, 77.00000000, 0.01058686, 0.00271765, '2022-12-04 07:20:01', '2022-12-04 07:32:20'),
(108, 23, 3, 1, 73.55000000, 0.01010723, 0.00158380, '2022-12-04 07:20:01', '2022-12-04 07:32:20'),
(109, 23, 4, 1, 82.40000000, 0.01129242, 0.00101632, '2022-12-04 07:20:01', '2022-12-04 07:32:20'),
(110, 23, 5, 1, 77.00000000, 0.01049998, 0.00042000, '2022-12-04 07:20:01', '2022-12-04 07:32:20'),
(111, 24, 1, 1, 78.55000000, 0.01086050, 0.00495999, '2022-12-04 07:20:01', '2022-12-04 07:32:20'),
(112, 24, 2, 1, 82.25000000, 0.01130869, 0.00290294, '2022-12-04 07:20:01', '2022-12-04 07:32:20'),
(113, 24, 3, 1, 80.68000000, 0.01108703, 0.00173734, '2022-12-04 07:20:01', '2022-12-04 07:32:20'),
(114, 24, 4, 1, 80.00000000, 0.01096351, 0.00098672, '2022-12-04 07:20:01', '2022-12-04 07:32:20'),
(115, 24, 5, 1, 82.40000000, 0.01123634, 0.00044945, '2022-12-04 07:20:01', '2022-12-04 07:32:20'),
(116, 25, 1, 1, 82.50000000, 0.01140664, 0.00520941, '2022-12-04 07:20:01', '2022-12-04 07:32:20'),
(117, 25, 2, 1, 81.00000000, 0.01113682, 0.00285882, '2022-12-04 07:20:01', '2022-12-04 07:32:20'),
(118, 25, 3, 1, 81.95000000, 0.01126156, 0.00176469, '2022-12-04 07:20:01', '2022-12-04 07:32:20'),
(119, 25, 4, 1, 81.95000000, 0.01123075, 0.00101077, '2022-12-04 07:20:01', '2022-12-04 07:32:20'),
(120, 25, 5, 1, 74.00000000, 0.01009089, 0.00040364, '2022-12-04 07:20:01', '2022-12-04 07:32:20'),
(121, 26, 1, 1, 76.14000000, 0.01052729, 0.00480781, '2022-12-04 07:20:01', '2022-12-04 07:32:20'),
(122, 26, 2, 1, 69.00000000, 0.00948692, 0.00243529, '2022-12-04 07:20:01', '2022-12-04 07:32:20'),
(123, 26, 3, 1, 81.90000000, 0.01125468, 0.00176361, '2022-12-04 07:20:01', '2022-12-04 07:32:20'),
(124, 26, 4, 1, 81.95000000, 0.01123075, 0.00101077, '2022-12-04 07:20:01', '2022-12-04 07:32:20'),
(125, 26, 5, 1, 74.00000000, 0.01009089, 0.00040364, '2022-12-04 07:20:01', '2022-12-04 07:32:20'),
(126, 27, 1, 1, 71.00000000, 0.00981662, 0.00448325, '2022-12-04 07:20:01', '2022-12-04 07:32:20'),
(127, 27, 2, 1, 75.00000000, 0.01031187, 0.00264706, '2022-12-04 07:20:01', '2022-12-04 07:32:20'),
(128, 27, 3, 1, 74.00000000, 0.01016907, 0.00159349, '2022-12-04 07:20:01', '2022-12-04 07:32:20'),
(129, 27, 4, 1, 81.95000000, 0.01123075, 0.00101077, '2022-12-04 07:20:01', '2022-12-04 07:32:20'),
(130, 27, 5, 1, 82.50000000, 0.01124997, 0.00045000, '2022-12-04 07:20:01', '2022-12-04 07:32:20'),
(131, 28, 1, 1, 88.00000000, 0.01216708, 0.00555671, '2022-12-04 07:20:01', '2022-12-04 07:32:20'),
(132, 28, 2, 1, 82.40000000, 0.01132931, 0.00290823, '2022-12-04 07:20:01', '2022-12-04 07:32:20'),
(133, 28, 3, 1, 75.00000000, 0.01030649, 0.00161503, '2022-12-04 07:20:01', '2022-12-04 07:32:20'),
(134, 28, 4, 1, 81.90000000, 0.01122390, 0.00101015, '2022-12-04 07:20:01', '2022-12-04 07:32:20'),
(135, 28, 5, 1, 79.00000000, 0.01077270, 0.00043091, '2022-12-04 07:20:01', '2022-12-04 07:32:20'),
(136, 29, 1, 1, 77.00000000, 0.01064620, 0.00486212, '2022-12-04 07:20:01', '2022-12-04 07:32:20'),
(137, 29, 2, 1, 87.00000000, 0.01196177, 0.00307059, '2022-12-04 07:20:01', '2022-12-04 07:32:20'),
(138, 29, 3, 1, 80.00000000, 0.01099359, 0.00172270, '2022-12-04 07:20:01', '2022-12-04 07:32:20'),
(139, 29, 4, 1, 73.55000000, 0.01007958, 0.00090716, '2022-12-04 07:20:01', '2022-12-04 07:32:20'),
(140, 29, 5, 1, 81.95000000, 0.01117497, 0.00044700, '2022-12-04 07:20:01', '2022-12-04 07:32:20'),
(141, 30, 1, 1, 82.40000000, 0.01139281, 0.00520310, '2022-12-04 07:20:01', '2022-12-04 07:32:20'),
(142, 30, 2, 1, 76.14000000, 0.01046861, 0.00268729, '2022-12-04 07:20:01', '2022-12-04 07:32:20'),
(143, 30, 3, 1, 75.00000000, 0.01030649, 0.00161503, '2022-12-04 07:20:01', '2022-12-04 07:32:20'),
(144, 30, 4, 1, 68.00000000, 0.00931899, 0.00083871, '2022-12-04 07:20:01', '2022-12-04 07:32:20'),
(145, 30, 5, 1, 82.00000000, 0.01118179, 0.00044727, '2022-12-04 07:20:01', '2022-12-04 07:32:20'),
(146, 31, 1, 1, 81.00000000, 0.01119925, 0.00511470, '2022-12-04 07:20:01', '2022-12-04 07:32:20'),
(147, 31, 2, 1, 80.68000000, 0.01109282, 0.00284753, '2022-12-04 07:20:01', '2022-12-04 07:32:20'),
(148, 31, 3, 1, 82.50000000, 0.01133714, 0.00177653, '2022-12-04 07:20:01', '2022-12-04 07:32:20'),
(149, 31, 4, 1, 82.40000000, 0.01129242, 0.00101632, '2022-12-04 07:20:01', '2022-12-04 07:32:20'),
(150, 31, 5, 1, 84.00000000, 0.01145452, 0.00045818, '2022-12-04 07:20:01', '2022-12-04 07:32:20'),
(151, 32, 1, 1, 74.00000000, 0.01023141, 0.00467268, '2022-12-04 07:20:01', '2022-12-04 07:32:20'),
(152, 32, 2, 1, 79.00000000, 0.01086184, 0.00278823, '2022-12-04 07:20:01', '2022-12-04 07:32:20'),
(153, 32, 3, 1, 76.14000000, 0.01046315, 0.00163957, '2022-12-04 07:20:01', '2022-12-04 07:32:20'),
(154, 32, 4, 1, 78.00000000, 0.01068943, 0.00096205, '2022-12-04 07:20:01', '2022-12-04 07:32:20'),
(155, 32, 5, 1, 81.00000000, 0.01104543, 0.00044182, '2022-12-04 07:20:01', '2022-12-04 07:32:20'),
(156, 33, 1, 1, 79.00000000, 0.01092272, 0.00498841, '2022-12-04 07:20:01', '2022-12-04 07:32:20'),
(157, 33, 2, 1, 81.00000000, 0.01113682, 0.00285882, '2022-12-04 07:20:01', '2022-12-04 07:32:20'),
(158, 33, 3, 1, 82.40000000, 0.01132339, 0.00177438, '2022-12-04 07:20:01', '2022-12-04 07:32:20'),
(159, 33, 4, 1, 76.14000000, 0.01043453, 0.00093911, '2022-12-04 07:20:01', '2022-12-04 07:32:20'),
(160, 33, 5, 1, 80.55000000, 0.01098407, 0.00043936, '2022-12-04 07:20:01', '2022-12-04 07:32:20'),
(161, 34, 1, 1, 82.40000000, 0.01139281, 0.00520310, '2022-12-04 07:20:01', '2022-12-04 07:32:20'),
(162, 34, 2, 1, 74.00000000, 0.01017438, 0.00261176, '2022-12-04 07:20:01', '2022-12-04 07:32:20'),
(163, 34, 3, 1, 71.00000000, 0.00975681, 0.00152889, '2022-12-04 07:20:01', '2022-12-04 07:32:20'),
(164, 34, 4, 1, 77.00000000, 0.01055238, 0.00094971, '2022-12-04 07:20:01', '2022-12-04 07:32:20'),
(165, 34, 5, 1, 82.40000000, 0.01123634, 0.00044945, '2022-12-04 07:20:01', '2022-12-04 07:32:20'),
(166, 35, 1, 1, 76.14000000, 0.01052729, 0.00480781, '2022-12-04 07:20:01', '2022-12-04 07:32:20'),
(167, 35, 2, 1, 69.00000000, 0.00948692, 0.00243529, '2022-12-04 07:20:01', '2022-12-04 07:32:20'),
(168, 35, 3, 1, 79.00000000, 0.01085617, 0.00170116, '2022-12-04 07:20:01', '2022-12-04 07:32:20'),
(169, 35, 4, 1, 74.00000000, 0.01014125, 0.00091271, '2022-12-04 07:20:01', '2022-12-04 07:32:20'),
(170, 35, 5, 1, 75.00000000, 0.01022725, 0.00040909, '2022-12-04 07:20:01', '2022-12-04 07:32:20'),
(171, 36, 1, 1, 77.00000000, 0.01064620, 0.00486212, '2022-12-04 07:20:01', '2022-12-04 07:32:20'),
(172, 36, 2, 1, 77.00000000, 0.01058686, 0.00271765, '2022-12-04 07:20:01', '2022-12-04 07:32:20'),
(173, 36, 3, 1, 77.20000000, 0.01060881, 0.00166240, '2022-12-04 07:20:01', '2022-12-04 07:32:20'),
(174, 36, 4, 1, 76.14000000, 0.01043453, 0.00093911, '2022-12-04 07:20:01', '2022-12-04 07:32:20'),
(175, 36, 5, 1, 81.95000000, 0.01117497, 0.00044700, '2022-12-04 07:20:01', '2022-12-04 07:32:20'),
(176, 37, 1, 1, 74.00000000, 0.01023141, 0.00467268, '2022-12-04 07:20:01', '2022-12-04 07:32:20'),
(177, 37, 2, 1, 74.00000000, 0.01017438, 0.00261176, '2022-12-04 07:20:01', '2022-12-04 07:32:20'),
(178, 37, 3, 1, 81.95000000, 0.01126156, 0.00176469, '2022-12-04 07:20:01', '2022-12-04 07:32:20'),
(179, 37, 4, 1, 81.95000000, 0.01123075, 0.00101077, '2022-12-04 07:20:01', '2022-12-04 07:32:20'),
(180, 37, 5, 1, 73.00000000, 0.00995452, 0.00039818, '2022-12-04 07:20:01', '2022-12-04 07:32:20'),
(181, 38, 1, 1, 86.00000000, 0.01189056, 0.00543042, '2022-12-04 07:20:01', '2022-12-04 07:32:20'),
(182, 38, 2, 1, 82.40000000, 0.01132931, 0.00290823, '2022-12-04 07:20:01', '2022-12-04 07:32:20'),
(183, 38, 3, 1, 81.95000000, 0.01126156, 0.00176469, '2022-12-04 07:20:01', '2022-12-04 07:32:20'),
(184, 38, 4, 1, 82.40000000, 0.01129242, 0.00101632, '2022-12-04 07:20:01', '2022-12-04 07:32:20'),
(185, 38, 5, 1, 75.00000000, 0.01022725, 0.00040909, '2022-12-04 07:20:01', '2022-12-04 07:32:20'),
(186, 39, 1, 1, 68.00000000, 0.00940184, 0.00429382, '2022-12-04 07:20:01', '2022-12-04 07:32:20'),
(187, 39, 2, 1, 79.00000000, 0.01086184, 0.00278823, '2022-12-04 07:20:01', '2022-12-04 07:32:20'),
(188, 39, 3, 1, 82.50000000, 0.01133714, 0.00177653, '2022-12-04 07:20:01', '2022-12-04 07:32:20'),
(189, 39, 4, 1, 77.00000000, 0.01055238, 0.00094971, '2022-12-04 07:20:01', '2022-12-04 07:32:20'),
(190, 39, 5, 1, 77.00000000, 0.01049998, 0.00042000, '2022-12-04 07:20:01', '2022-12-04 07:32:20'),
(191, 40, 1, 1, 80.00000000, 0.01106098, 0.00505155, '2022-12-04 07:20:01', '2022-12-04 07:32:21'),
(192, 40, 2, 1, 81.00000000, 0.01113682, 0.00285882, '2022-12-04 07:20:01', '2022-12-04 07:32:21'),
(193, 40, 3, 1, 80.68000000, 0.01108703, 0.00173734, '2022-12-04 07:20:01', '2022-12-04 07:32:21'),
(194, 40, 4, 1, 75.00000000, 0.01027830, 0.00092505, '2022-12-04 07:20:01', '2022-12-04 07:32:21'),
(195, 40, 5, 1, 77.00000000, 0.01049998, 0.00042000, '2022-12-04 07:20:01', '2022-12-04 07:32:21'),
(196, 41, 1, 1, 87.00000000, 0.01202882, 0.00549356, '2022-12-04 07:20:01', '2022-12-04 07:32:21'),
(197, 41, 2, 1, 76.14000000, 0.01046861, 0.00268729, '2022-12-04 07:20:01', '2022-12-04 07:32:21'),
(198, 41, 3, 1, 81.95000000, 0.01126156, 0.00176469, '2022-12-04 07:20:01', '2022-12-04 07:32:21'),
(199, 41, 4, 1, 82.40000000, 0.01129242, 0.00101632, '2022-12-04 07:20:01', '2022-12-04 07:32:21'),
(200, 41, 5, 1, 81.95000000, 0.01117497, 0.00044700, '2022-12-04 07:20:01', '2022-12-04 07:32:21'),
(201, 42, 1, 1, 82.40000000, 0.01139281, 0.00520310, '2022-12-04 07:20:01', '2022-12-04 07:32:21'),
(202, 42, 2, 1, 85.00000000, 0.01168679, 0.00300000, '2022-12-04 07:20:01', '2022-12-04 07:32:21'),
(203, 42, 3, 1, 74.00000000, 0.01016907, 0.00159349, '2022-12-04 07:20:01', '2022-12-04 07:32:21'),
(204, 42, 4, 1, 80.00000000, 0.01096351, 0.00098672, '2022-12-04 07:20:01', '2022-12-04 07:32:21'),
(205, 42, 5, 1, 81.95000000, 0.01117497, 0.00044700, '2022-12-04 07:20:01', '2022-12-04 07:32:21'),
(206, 43, 1, 1, 74.00000000, 0.01023141, 0.00467268, '2022-12-04 07:20:01', '2022-12-04 07:32:21'),
(207, 43, 2, 1, 81.95000000, 0.01126744, 0.00289235, '2022-12-04 07:20:01', '2022-12-04 07:32:21'),
(208, 43, 3, 1, 80.00000000, 0.01099359, 0.00172270, '2022-12-04 07:20:01', '2022-12-04 07:32:21'),
(209, 43, 4, 1, 87.00000000, 0.01192282, 0.00107305, '2022-12-04 07:20:01', '2022-12-04 07:32:21'),
(210, 43, 5, 1, 80.68000000, 0.01100179, 0.00044007, '2022-12-04 07:20:01', '2022-12-04 07:32:21'),
(211, 44, 1, 1, 74.00000000, 0.01023141, 0.00467268, '2022-12-04 07:20:01', '2022-12-04 07:32:21'),
(212, 44, 2, 1, 81.95000000, 0.01126744, 0.00289235, '2022-12-04 07:20:01', '2022-12-04 07:32:21'),
(213, 44, 3, 1, 81.95000000, 0.01126156, 0.00176469, '2022-12-04 07:20:01', '2022-12-04 07:32:21'),
(214, 44, 4, 1, 80.68000000, 0.01105670, 0.00099510, '2022-12-04 07:20:01', '2022-12-04 07:32:21'),
(215, 44, 5, 1, 82.00000000, 0.01118179, 0.00044727, '2022-12-04 07:20:01', '2022-12-04 07:32:21'),
(216, 45, 1, 1, 81.00000000, 0.01119925, 0.00511470, '2022-12-04 07:20:01', '2022-12-04 07:32:21'),
(217, 45, 2, 1, 82.40000000, 0.01132931, 0.00290823, '2022-12-04 07:20:01', '2022-12-04 07:32:21'),
(218, 45, 3, 1, 81.95000000, 0.01126156, 0.00176469, '2022-12-04 07:20:01', '2022-12-04 07:32:21'),
(219, 45, 4, 1, 80.68000000, 0.01105670, 0.00099510, '2022-12-04 07:20:01', '2022-12-04 07:32:21'),
(220, 45, 5, 1, 68.00000000, 0.00927271, 0.00037091, '2022-12-04 07:20:01', '2022-12-04 07:32:21'),
(221, 46, 1, 1, 80.68000000, 0.01115500, 0.00509449, '2022-12-04 07:20:01', '2022-12-04 07:32:21'),
(222, 46, 2, 1, 80.55000000, 0.01107495, 0.00284294, '2022-12-04 07:20:01', '2022-12-04 07:32:21'),
(223, 46, 3, 1, 80.55000000, 0.01106917, 0.00173454, '2022-12-04 07:20:01', '2022-12-04 07:32:21'),
(224, 46, 4, 1, 81.90000000, 0.01122390, 0.00101015, '2022-12-04 07:20:01', '2022-12-04 07:32:21'),
(225, 46, 5, 1, 81.00000000, 0.01104543, 0.00044182, '2022-12-04 07:20:01', '2022-12-04 07:32:21'),
(226, 47, 1, 1, 69.00000000, 0.00954010, 0.00435696, '2022-12-04 07:20:01', '2022-12-04 07:32:21'),
(227, 47, 2, 1, 82.50000000, 0.01134306, 0.00291176, '2022-12-04 07:20:01', '2022-12-04 07:32:21'),
(228, 47, 3, 1, 81.95000000, 0.01126156, 0.00176469, '2022-12-04 07:20:01', '2022-12-04 07:32:21'),
(229, 47, 4, 1, 76.14000000, 0.01043453, 0.00093911, '2022-12-04 07:20:01', '2022-12-04 07:32:21'),
(230, 47, 5, 1, 76.14000000, 0.01038270, 0.00041531, '2022-12-04 07:20:01', '2022-12-04 07:32:21'),
(231, 48, 1, 1, 81.00000000, 0.01119925, 0.00511470, '2022-12-04 07:20:01', '2022-12-04 07:32:21'),
(232, 48, 2, 1, 81.95000000, 0.01126744, 0.00289235, '2022-12-04 07:20:01', '2022-12-04 07:32:21'),
(233, 48, 3, 1, 81.00000000, 0.01113101, 0.00174423, '2022-12-04 07:20:01', '2022-12-04 07:32:21'),
(234, 48, 4, 1, 81.95000000, 0.01123075, 0.00101077, '2022-12-04 07:20:01', '2022-12-04 07:32:21'),
(235, 48, 5, 1, 86.00000000, 0.01172725, 0.00046909, '2022-12-04 07:20:01', '2022-12-04 07:32:21'),
(236, 49, 1, 1, 81.00000000, 0.01119925, 0.00511470, '2022-12-04 07:20:01', '2022-12-04 07:32:21'),
(237, 49, 2, 1, 81.95000000, 0.01126744, 0.00289235, '2022-12-04 07:20:01', '2022-12-04 07:32:21'),
(238, 49, 3, 1, 74.00000000, 0.01016907, 0.00159349, '2022-12-04 07:20:01', '2022-12-04 07:32:21'),
(239, 49, 4, 1, 82.25000000, 0.01127186, 0.00101447, '2022-12-04 07:20:01', '2022-12-04 07:32:21'),
(240, 49, 5, 1, 74.00000000, 0.01009089, 0.00040364, '2022-12-04 07:20:01', '2022-12-04 07:32:21'),
(241, 50, 1, 1, 82.40000000, 0.01139281, 0.00520310, '2022-12-04 07:20:01', '2022-12-04 07:32:21'),
(242, 50, 2, 1, 81.00000000, 0.01113682, 0.00285882, '2022-12-04 07:20:01', '2022-12-04 07:32:21'),
(243, 50, 3, 1, 73.55000000, 0.01010723, 0.00158380, '2022-12-04 07:20:01', '2022-12-04 07:32:21'),
(244, 50, 4, 1, 82.40000000, 0.01129242, 0.00101632, '2022-12-04 07:20:01', '2022-12-04 07:32:21'),
(245, 50, 5, 1, 81.95000000, 0.01117497, 0.00044700, '2022-12-04 07:20:01', '2022-12-04 07:32:21'),
(246, 51, 1, 1, 82.50000000, 0.01140664, 0.00520941, '2022-12-04 07:20:01', '2022-12-04 07:32:21'),
(247, 51, 2, 1, 82.40000000, 0.01132931, 0.00290823, '2022-12-04 07:20:01', '2022-12-04 07:32:21'),
(248, 51, 3, 1, 80.68000000, 0.01108703, 0.00173734, '2022-12-04 07:20:01', '2022-12-04 07:32:21'),
(249, 51, 4, 1, 74.00000000, 0.01014125, 0.00091271, '2022-12-04 07:20:01', '2022-12-04 07:32:21'),
(250, 51, 5, 1, 82.50000000, 0.01124997, 0.00045000, '2022-12-04 07:20:01', '2022-12-04 07:32:21'),
(251, 52, 1, 1, 80.68000000, 0.01115500, 0.00509449, '2022-12-04 07:20:01', '2022-12-04 07:32:21'),
(252, 52, 2, 1, 81.95000000, 0.01126744, 0.00289235, '2022-12-04 07:20:01', '2022-12-04 07:32:21'),
(253, 52, 3, 1, 79.00000000, 0.01085617, 0.00170116, '2022-12-04 07:20:01', '2022-12-04 07:32:21'),
(254, 52, 4, 1, 72.00000000, 0.00986716, 0.00088804, '2022-12-04 07:20:01', '2022-12-04 07:32:21'),
(255, 52, 5, 1, 80.68000000, 0.01100179, 0.00044007, '2022-12-04 07:20:01', '2022-12-04 07:32:21'),
(256, 53, 1, 1, 69.00000000, 0.00954010, 0.00435696, '2022-12-04 07:20:01', '2022-12-04 07:32:21'),
(257, 53, 2, 1, 74.00000000, 0.01017438, 0.00261176, '2022-12-04 07:20:01', '2022-12-04 07:32:21'),
(258, 53, 3, 1, 82.40000000, 0.01132339, 0.00177438, '2022-12-04 07:20:01', '2022-12-04 07:32:21'),
(259, 53, 4, 1, 82.40000000, 0.01129242, 0.00101632, '2022-12-04 07:20:01', '2022-12-04 07:32:21'),
(260, 53, 5, 1, 74.00000000, 0.01009089, 0.00040364, '2022-12-04 07:20:01', '2022-12-04 07:32:21'),
(261, 54, 1, 1, 74.00000000, 0.01023141, 0.00467268, '2022-12-04 07:20:01', '2022-12-04 07:32:21'),
(262, 54, 2, 1, 74.00000000, 0.01017438, 0.00261176, '2022-12-04 07:20:01', '2022-12-04 07:32:21'),
(263, 54, 3, 1, 75.00000000, 0.01030649, 0.00161503, '2022-12-04 07:20:01', '2022-12-04 07:32:21'),
(264, 54, 4, 1, 81.95000000, 0.01123075, 0.00101077, '2022-12-04 07:20:01', '2022-12-04 07:32:21'),
(265, 54, 5, 1, 82.50000000, 0.01124997, 0.00045000, '2022-12-04 07:20:01', '2022-12-04 07:32:21'),
(266, 55, 1, 1, 73.00000000, 0.01009315, 0.00460954, '2022-12-04 07:20:01', '2022-12-04 07:32:21'),
(267, 55, 2, 1, 81.95000000, 0.01126744, 0.00289235, '2022-12-04 07:20:01', '2022-12-04 07:32:21'),
(268, 55, 3, 1, 74.00000000, 0.01016907, 0.00159349, '2022-12-04 07:20:01', '2022-12-04 07:32:21'),
(269, 55, 4, 1, 81.95000000, 0.01123075, 0.00101077, '2022-12-04 07:20:01', '2022-12-04 07:32:21'),
(270, 55, 5, 1, 82.40000000, 0.01123634, 0.00044945, '2022-12-04 07:20:01', '2022-12-04 07:32:21'),
(271, 56, 1, 1, 73.00000000, 0.01009315, 0.00460954, '2022-12-04 07:20:01', '2022-12-04 07:32:21'),
(272, 56, 2, 1, 80.00000000, 0.01099933, 0.00282353, '2022-12-04 07:20:01', '2022-12-04 07:32:21'),
(273, 56, 3, 1, 82.40000000, 0.01132339, 0.00177438, '2022-12-04 07:20:01', '2022-12-04 07:32:21'),
(274, 56, 4, 1, 80.00000000, 0.01096351, 0.00098672, '2022-12-04 07:20:01', '2022-12-04 07:32:21'),
(275, 56, 5, 1, 72.00000000, 0.00981816, 0.00039273, '2022-12-04 07:20:01', '2022-12-04 07:32:21'),
(276, 57, 1, 1, 80.00000000, 0.01106098, 0.00505155, '2022-12-04 07:20:01', '2022-12-04 07:32:21'),
(277, 57, 2, 1, 77.00000000, 0.01058686, 0.00271765, '2022-12-04 07:20:01', '2022-12-04 07:32:21'),
(278, 57, 3, 1, 75.50000000, 0.01037520, 0.00162579, '2022-12-04 07:20:01', '2022-12-04 07:32:21'),
(279, 57, 4, 1, 81.95000000, 0.01123075, 0.00101077, '2022-12-04 07:20:01', '2022-12-04 07:32:21'),
(280, 57, 5, 1, 81.95000000, 0.01117497, 0.00044700, '2022-12-04 07:20:01', '2022-12-04 07:32:21'),
(281, 58, 1, 1, 74.00000000, 0.01023141, 0.00467268, '2022-12-04 07:20:01', '2022-12-04 07:32:21'),
(282, 58, 2, 1, 87.00000000, 0.01196177, 0.00307059, '2022-12-04 07:20:01', '2022-12-04 07:32:21'),
(283, 58, 3, 1, 82.40000000, 0.01132339, 0.00177438, '2022-12-04 07:20:01', '2022-12-04 07:32:21'),
(284, 58, 4, 1, 81.00000000, 0.01110056, 0.00099905, '2022-12-04 07:20:01', '2022-12-04 07:32:21'),
(285, 58, 5, 1, 82.40000000, 0.01123634, 0.00044945, '2022-12-04 07:20:02', '2022-12-04 07:32:21'),
(286, 59, 1, 1, 81.00000000, 0.01119925, 0.00511470, '2022-12-04 07:20:02', '2022-12-04 07:32:21'),
(287, 59, 2, 1, 80.68000000, 0.01109282, 0.00284753, '2022-12-04 07:20:02', '2022-12-04 07:32:21'),
(288, 59, 3, 1, 83.00000000, 0.01140585, 0.00178730, '2022-12-04 07:20:02', '2022-12-04 07:32:21'),
(289, 59, 4, 1, 82.50000000, 0.01130612, 0.00101755, '2022-12-04 07:20:02', '2022-12-04 07:32:21'),
(290, 59, 5, 1, 75.00000000, 0.01022725, 0.00040909, '2022-12-04 07:20:02', '2022-12-04 07:32:21'),
(291, 60, 1, 1, 70.00000000, 0.00967836, 0.00442011, '2022-12-04 07:20:02', '2022-12-04 07:32:21'),
(292, 60, 2, 1, 75.00000000, 0.01031187, 0.00264706, '2022-12-04 07:20:02', '2022-12-04 07:32:21'),
(293, 60, 3, 1, 86.00000000, 0.01181811, 0.00185190, '2022-12-04 07:20:02', '2022-12-04 07:32:21'),
(294, 60, 4, 1, 76.14000000, 0.01043453, 0.00093911, '2022-12-04 07:20:02', '2022-12-04 07:32:21'),
(295, 60, 5, 1, 80.68000000, 0.01100179, 0.00044007, '2022-12-04 07:20:02', '2022-12-04 07:32:21'),
(296, 61, 1, 1, 76.14000000, 0.01052729, 0.00480781, '2022-12-04 07:20:02', '2022-12-04 07:32:21'),
(297, 61, 2, 1, 77.00000000, 0.01058686, 0.00271765, '2022-12-04 07:20:02', '2022-12-04 07:32:21'),
(298, 61, 3, 1, 80.00000000, 0.01099359, 0.00172270, '2022-12-04 07:20:02', '2022-12-04 07:32:21'),
(299, 61, 4, 1, 73.55000000, 0.01007958, 0.00090716, '2022-12-04 07:20:02', '2022-12-04 07:32:21'),
(300, 61, 5, 1, 79.00000000, 0.01077270, 0.00043091, '2022-12-04 07:20:02', '2022-12-04 07:32:21'),
(301, 62, 1, 1, 74.00000000, 0.01023141, 0.00467268, '2022-12-04 07:20:02', '2022-12-04 07:32:21'),
(302, 62, 2, 1, 77.00000000, 0.01058686, 0.00271765, '2022-12-04 07:20:02', '2022-12-04 07:32:21'),
(303, 62, 3, 1, 82.40000000, 0.01132339, 0.00177438, '2022-12-04 07:20:02', '2022-12-04 07:32:21'),
(304, 62, 4, 1, 81.95000000, 0.01123075, 0.00101077, '2022-12-04 07:20:02', '2022-12-04 07:32:21'),
(305, 62, 5, 1, 77.00000000, 0.01049998, 0.00042000, '2022-12-04 07:20:02', '2022-12-04 07:32:21'),
(306, 63, 1, 1, 80.68000000, 0.01115500, 0.00509449, '2022-12-04 07:20:02', '2022-12-04 07:32:21'),
(307, 63, 2, 1, 81.95000000, 0.01126744, 0.00289235, '2022-12-04 07:20:02', '2022-12-04 07:32:21'),
(308, 63, 3, 1, 82.50000000, 0.01133714, 0.00177653, '2022-12-04 07:20:02', '2022-12-04 07:32:21'),
(309, 63, 4, 1, 80.68000000, 0.01105670, 0.00099510, '2022-12-04 07:20:02', '2022-12-04 07:32:21'),
(310, 63, 5, 1, 81.95000000, 0.01117497, 0.00044700, '2022-12-04 07:20:02', '2022-12-04 07:32:21'),
(311, 64, 1, 1, 80.00000000, 0.01106098, 0.00505155, '2022-12-04 07:20:02', '2022-12-04 07:32:22'),
(312, 64, 2, 1, 81.95000000, 0.01126744, 0.00289235, '2022-12-04 07:20:02', '2022-12-04 07:32:22'),
(313, 64, 3, 1, 74.00000000, 0.01016907, 0.00159349, '2022-12-04 07:20:02', '2022-12-04 07:32:22'),
(314, 64, 4, 1, 71.00000000, 0.00973012, 0.00087571, '2022-12-04 07:20:02', '2022-12-04 07:32:22'),
(315, 64, 5, 1, 82.50000000, 0.01124997, 0.00045000, '2022-12-04 07:20:02', '2022-12-04 07:32:22'),
(316, 65, 1, 1, 73.00000000, 0.01009315, 0.00460954, '2022-12-04 07:20:02', '2022-12-04 07:32:22'),
(317, 65, 2, 1, 74.00000000, 0.01017438, 0.00261176, '2022-12-04 07:20:02', '2022-12-04 07:32:22'),
(318, 65, 3, 1, 87.00000000, 0.01195553, 0.00187343, '2022-12-04 07:20:02', '2022-12-04 07:32:22'),
(319, 65, 4, 1, 80.68000000, 0.01105670, 0.00099510, '2022-12-04 07:20:02', '2022-12-04 07:32:22'),
(320, 65, 5, 1, 81.00000000, 0.01104543, 0.00044182, '2022-12-04 07:20:02', '2022-12-04 07:32:22'),
(321, 66, 1, 1, 82.40000000, 0.01139281, 0.00520310, '2022-12-04 07:20:02', '2022-12-04 07:32:22'),
(322, 66, 2, 1, 76.00000000, 0.01044936, 0.00268235, '2022-12-04 07:20:02', '2022-12-04 07:32:22'),
(323, 66, 3, 1, 80.55000000, 0.01106917, 0.00173454, '2022-12-04 07:20:02', '2022-12-04 07:32:22'),
(324, 66, 4, 1, 82.50000000, 0.01130612, 0.00101755, '2022-12-04 07:20:02', '2022-12-04 07:32:22'),
(325, 66, 5, 1, 76.14000000, 0.01038270, 0.00041531, '2022-12-04 07:20:02', '2022-12-04 07:32:22'),
(326, 67, 1, 1, 74.00000000, 0.01023141, 0.00467268, '2022-12-04 07:20:02', '2022-12-04 07:32:22'),
(327, 67, 2, 1, 80.68000000, 0.01109282, 0.00284753, '2022-12-04 07:20:02', '2022-12-04 07:32:22'),
(328, 67, 3, 1, 81.00000000, 0.01113101, 0.00174423, '2022-12-04 07:20:02', '2022-12-04 07:32:22'),
(329, 67, 4, 1, 84.00000000, 0.01151169, 0.00103605, '2022-12-04 07:20:02', '2022-12-04 07:32:22'),
(330, 67, 5, 1, 86.00000000, 0.01172725, 0.00046909, '2022-12-04 07:20:02', '2022-12-04 07:32:22'),
(331, 68, 1, 1, 81.00000000, 0.01119925, 0.00511470, '2022-12-04 07:20:02', '2022-12-04 07:32:22'),
(332, 68, 2, 1, 69.00000000, 0.00948692, 0.00243529, '2022-12-04 07:20:02', '2022-12-04 07:32:22'),
(333, 68, 3, 1, 81.95000000, 0.01126156, 0.00176469, '2022-12-04 07:20:02', '2022-12-04 07:32:22'),
(334, 68, 4, 1, 81.95000000, 0.01123075, 0.00101077, '2022-12-04 07:20:02', '2022-12-04 07:32:22'),
(335, 68, 5, 1, 80.55000000, 0.01098407, 0.00043936, '2022-12-04 07:20:02', '2022-12-04 07:32:22'),
(336, 69, 1, 1, 70.00000000, 0.00967836, 0.00442011, '2022-12-04 07:20:02', '2022-12-04 07:32:22'),
(337, 69, 2, 1, 81.90000000, 0.01126056, 0.00289059, '2022-12-04 07:20:02', '2022-12-04 07:32:22'),
(338, 69, 3, 1, 82.40000000, 0.01132339, 0.00177438, '2022-12-04 07:20:02', '2022-12-04 07:32:22'),
(339, 69, 4, 1, 74.00000000, 0.01014125, 0.00091271, '2022-12-04 07:20:02', '2022-12-04 07:32:22'),
(340, 69, 5, 1, 80.00000000, 0.01090907, 0.00043636, '2022-12-04 07:20:02', '2022-12-04 07:32:22'),
(341, 70, 1, 1, 85.00000000, 0.01175229, 0.00536727, '2022-12-04 07:20:02', '2022-12-04 07:32:22'),
(342, 70, 2, 1, 81.95000000, 0.01126744, 0.00289235, '2022-12-04 07:20:02', '2022-12-04 07:32:22'),
(343, 70, 3, 1, 80.68000000, 0.01108703, 0.00173734, '2022-12-04 07:20:02', '2022-12-04 07:32:22'),
(344, 70, 4, 1, 74.00000000, 0.01014125, 0.00091271, '2022-12-04 07:20:02', '2022-12-04 07:32:22'),
(345, 70, 5, 1, 81.95000000, 0.01117497, 0.00044700, '2022-12-04 07:20:02', '2022-12-04 07:32:22'),
(346, 71, 1, 1, 86.00000000, 0.01189056, 0.00543042, '2022-12-04 07:20:02', '2022-12-04 07:32:22'),
(347, 71, 2, 1, 81.95000000, 0.01126744, 0.00289235, '2022-12-04 07:20:02', '2022-12-04 07:32:22'),
(348, 71, 3, 1, 76.00000000, 0.01044391, 0.00163656, '2022-12-04 07:20:02', '2022-12-04 07:32:22'),
(349, 71, 4, 1, 75.00000000, 0.01027830, 0.00092505, '2022-12-04 07:20:02', '2022-12-04 07:32:22'),
(350, 71, 5, 1, 83.00000000, 0.01131816, 0.00045273, '2022-12-04 07:20:02', '2022-12-04 07:32:22'),
(351, 72, 1, 1, 89.00000000, 0.01230534, 0.00561985, '2022-12-04 07:20:02', '2022-12-04 07:32:22'),
(352, 72, 2, 1, 72.00000000, 0.00989940, 0.00254118, '2022-12-04 07:20:02', '2022-12-04 07:32:22'),
(353, 72, 3, 1, 82.40000000, 0.01132339, 0.00177438, '2022-12-04 07:20:02', '2022-12-04 07:32:22'),
(354, 72, 4, 1, 80.00000000, 0.01096351, 0.00098672, '2022-12-04 07:20:02', '2022-12-04 07:32:22'),
(355, 72, 5, 1, 82.40000000, 0.01123634, 0.00044945, '2022-12-04 07:20:02', '2022-12-04 07:32:22'),
(356, 73, 1, 1, 80.68000000, 0.01115500, 0.00509449, '2022-12-04 07:20:02', '2022-12-04 07:32:22'),
(357, 73, 2, 1, 79.00000000, 0.01086184, 0.00278823, '2022-12-04 07:20:02', '2022-12-04 07:32:22'),
(358, 73, 3, 1, 75.00000000, 0.01030649, 0.00161503, '2022-12-04 07:20:02', '2022-12-04 07:32:22'),
(359, 73, 4, 1, 78.95000000, 0.01081962, 0.00097377, '2022-12-04 07:20:02', '2022-12-04 07:32:22'),
(360, 73, 5, 1, 80.68000000, 0.01100179, 0.00044007, '2022-12-04 07:20:02', '2022-12-04 07:32:22'),
(361, 74, 1, 1, 77.00000000, 0.01064620, 0.00486212, '2022-12-04 07:20:02', '2022-12-04 07:32:22'),
(362, 74, 2, 1, 77.00000000, 0.01058686, 0.00271765, '2022-12-04 07:20:02', '2022-12-04 07:32:22'),
(363, 74, 3, 1, 69.00000000, 0.00948197, 0.00148582, '2022-12-04 07:20:02', '2022-12-04 07:32:22'),
(364, 74, 4, 1, 81.00000000, 0.01110056, 0.00099905, '2022-12-04 07:20:02', '2022-12-04 07:32:22'),
(365, 74, 5, 1, 81.95000000, 0.01117497, 0.00044700, '2022-12-04 07:20:02', '2022-12-04 07:32:22'),
(366, 75, 1, 1, 88.00000000, 0.01216708, 0.00555671, '2022-12-04 07:20:02', '2022-12-04 07:32:22'),
(367, 75, 2, 1, 81.95000000, 0.01126744, 0.00289235, '2022-12-04 07:20:02', '2022-12-04 07:32:22'),
(368, 75, 3, 1, 76.00000000, 0.01044391, 0.00163656, '2022-12-04 07:20:02', '2022-12-04 07:32:22'),
(369, 75, 4, 1, 82.40000000, 0.01129242, 0.00101632, '2022-12-04 07:20:02', '2022-12-04 07:32:22'),
(370, 75, 5, 1, 81.95000000, 0.01117497, 0.00044700, '2022-12-04 07:20:02', '2022-12-04 07:32:22'),
(371, 76, 1, 1, 76.14000000, 0.01052729, 0.00480781, '2022-12-04 07:20:02', '2022-12-04 07:32:22'),
(372, 76, 2, 1, 81.00000000, 0.01113682, 0.00285882, '2022-12-04 07:20:02', '2022-12-04 07:32:22'),
(373, 76, 3, 1, 81.00000000, 0.01113101, 0.00174423, '2022-12-04 07:20:02', '2022-12-04 07:32:22'),
(374, 76, 4, 1, 74.00000000, 0.01014125, 0.00091271, '2022-12-04 07:20:02', '2022-12-04 07:32:22'),
(375, 76, 5, 1, 74.00000000, 0.01009089, 0.00040364, '2022-12-04 07:20:02', '2022-12-04 07:32:22'),
(376, 77, 1, 1, 80.68000000, 0.01115500, 0.00509449, '2022-12-04 07:20:02', '2022-12-04 07:32:22'),
(377, 77, 2, 1, 81.90000000, 0.01126056, 0.00289059, '2022-12-04 07:20:02', '2022-12-04 07:32:22'),
(378, 77, 3, 1, 81.95000000, 0.01126156, 0.00176469, '2022-12-04 07:20:02', '2022-12-04 07:32:22'),
(379, 77, 4, 1, 78.95000000, 0.01081962, 0.00097377, '2022-12-04 07:20:02', '2022-12-04 07:32:22'),
(380, 77, 5, 1, 81.95000000, 0.01117497, 0.00044700, '2022-12-04 07:20:02', '2022-12-04 07:32:22'),
(381, 78, 1, 1, 78.00000000, 0.01078446, 0.00492526, '2022-12-04 07:20:02', '2022-12-04 07:32:22'),
(382, 78, 2, 1, 81.95000000, 0.01126744, 0.00289235, '2022-12-04 07:20:02', '2022-12-04 07:32:22'),
(383, 78, 3, 1, 80.68000000, 0.01108703, 0.00173734, '2022-12-04 07:20:02', '2022-12-04 07:32:22'),
(384, 78, 4, 1, 75.00000000, 0.01027830, 0.00092505, '2022-12-04 07:20:02', '2022-12-04 07:32:22'),
(385, 78, 5, 1, 80.68000000, 0.01100179, 0.00044007, '2022-12-04 07:20:02', '2022-12-04 07:32:22'),
(386, 79, 1, 1, 68.00000000, 0.00940184, 0.00429382, '2022-12-04 07:20:02', '2022-12-04 07:32:22'),
(387, 79, 2, 1, 80.68000000, 0.01109282, 0.00284753, '2022-12-04 07:20:02', '2022-12-04 07:32:22'),
(388, 79, 3, 1, 76.14000000, 0.01046315, 0.00163957, '2022-12-04 07:20:02', '2022-12-04 07:32:22'),
(389, 79, 4, 1, 80.00000000, 0.01096351, 0.00098672, '2022-12-04 07:20:02', '2022-12-04 07:32:22'),
(390, 79, 5, 1, 77.00000000, 0.01049998, 0.00042000, '2022-12-04 07:20:02', '2022-12-04 07:32:22'),
(391, 80, 1, 1, 69.00000000, 0.00954010, 0.00435696, '2022-12-04 07:20:02', '2022-12-04 07:32:22'),
(392, 80, 2, 1, 74.00000000, 0.01017438, 0.00261176, '2022-12-04 07:20:02', '2022-12-04 07:32:22'),
(393, 80, 3, 1, 73.00000000, 0.01003165, 0.00157196, '2022-12-04 07:20:02', '2022-12-04 07:32:22'),
(394, 80, 4, 1, 74.00000000, 0.01014125, 0.00091271, '2022-12-04 07:20:02', '2022-12-04 07:32:22'),
(395, 80, 5, 1, 82.40000000, 0.01123634, 0.00044945, '2022-12-04 07:20:02', '2022-12-04 07:32:22'),
(396, 81, 1, 1, 80.00000000, 0.01106098, 0.00505155, '2022-12-04 07:20:02', '2022-12-04 07:32:22'),
(397, 81, 2, 1, 81.00000000, 0.01113682, 0.00285882, '2022-12-04 07:20:02', '2022-12-04 07:32:22'),
(398, 81, 3, 1, 80.00000000, 0.01099359, 0.00172270, '2022-12-04 07:20:02', '2022-12-04 07:32:22'),
(399, 81, 4, 1, 80.68000000, 0.01105670, 0.00099510, '2022-12-04 07:20:02', '2022-12-04 07:32:22'),
(400, 81, 5, 1, 81.95000000, 0.01117497, 0.00044700, '2022-12-04 07:20:02', '2022-12-04 07:32:22'),
(401, 82, 1, 1, 74.00000000, 0.01023141, 0.00467268, '2022-12-04 07:20:02', '2022-12-04 07:32:22'),
(402, 82, 2, 1, 75.00000000, 0.01031187, 0.00264706, '2022-12-04 07:20:02', '2022-12-04 07:32:22'),
(403, 82, 3, 1, 82.40000000, 0.01132339, 0.00177438, '2022-12-04 07:20:02', '2022-12-04 07:32:22'),
(404, 82, 4, 1, 79.00000000, 0.01082647, 0.00097438, '2022-12-04 07:20:02', '2022-12-04 07:32:22'),
(405, 82, 5, 1, 81.00000000, 0.01104543, 0.00044182, '2022-12-04 07:20:02', '2022-12-04 07:32:22'),
(406, 83, 1, 1, 81.00000000, 0.01119925, 0.00511470, '2022-12-04 07:20:02', '2022-12-04 07:32:22'),
(407, 83, 2, 1, 76.14000000, 0.01046861, 0.00268729, '2022-12-04 07:20:02', '2022-12-04 07:32:22'),
(408, 83, 3, 1, 81.95000000, 0.01126156, 0.00176469, '2022-12-04 07:20:02', '2022-12-04 07:32:22'),
(409, 83, 4, 1, 81.95000000, 0.01123075, 0.00101077, '2022-12-04 07:20:02', '2022-12-04 07:32:22'),
(410, 83, 5, 1, 77.00000000, 0.01049998, 0.00042000, '2022-12-04 07:20:02', '2022-12-04 07:32:22'),
(411, 84, 1, 1, 76.00000000, 0.01050793, 0.00479897, '2022-12-04 07:20:02', '2022-12-04 07:32:22'),
(412, 84, 2, 1, 74.00000000, 0.01017438, 0.00261176, '2022-12-04 07:20:02', '2022-12-04 07:32:22'),
(413, 84, 3, 1, 86.00000000, 0.01181811, 0.00185190, '2022-12-04 07:20:02', '2022-12-04 07:32:22'),
(414, 84, 4, 1, 80.00000000, 0.01096351, 0.00098672, '2022-12-04 07:20:02', '2022-12-04 07:32:22'),
(415, 84, 5, 1, 82.40000000, 0.01123634, 0.00044945, '2022-12-04 07:20:02', '2022-12-04 07:32:22'),
(416, 85, 1, 1, 80.68000000, 0.01115500, 0.00509449, '2022-12-04 07:20:02', '2022-12-04 07:32:22'),
(417, 85, 2, 1, 74.00000000, 0.01017438, 0.00261176, '2022-12-04 07:20:02', '2022-12-04 07:32:22'),
(418, 85, 3, 1, 70.45000000, 0.00968123, 0.00151705, '2022-12-04 07:20:02', '2022-12-04 07:32:22'),
(419, 85, 4, 1, 76.14000000, 0.01043453, 0.00093911, '2022-12-04 07:20:02', '2022-12-04 07:32:22'),
(420, 85, 5, 1, 81.00000000, 0.01104543, 0.00044182, '2022-12-04 07:20:02', '2022-12-04 07:32:22'),
(421, 86, 1, 1, 77.00000000, 0.01064620, 0.00486212, '2022-12-04 07:20:02', '2022-12-04 07:32:22'),
(422, 86, 2, 1, 80.68000000, 0.01109282, 0.00284753, '2022-12-04 07:20:02', '2022-12-04 07:32:22'),
(423, 86, 3, 1, 81.95000000, 0.01126156, 0.00176469, '2022-12-04 07:20:02', '2022-12-04 07:32:22'),
(424, 86, 4, 1, 82.40000000, 0.01129242, 0.00101632, '2022-12-04 07:20:02', '2022-12-04 07:32:22'),
(425, 86, 5, 1, 80.00000000, 0.01090907, 0.00043636, '2022-12-04 07:20:02', '2022-12-04 07:32:23'),
(426, 87, 1, 1, 81.00000000, 0.01119925, 0.00511470, '2022-12-04 07:20:02', '2022-12-04 07:32:23'),
(427, 87, 2, 1, 70.45000000, 0.00968629, 0.00248647, '2022-12-04 07:20:02', '2022-12-04 07:32:23'),
(428, 87, 3, 1, 82.00000000, 0.01126843, 0.00176576, '2022-12-04 07:20:02', '2022-12-04 07:32:23'),
(429, 87, 4, 1, 81.95000000, 0.01123075, 0.00101077, '2022-12-04 07:20:02', '2022-12-04 07:32:23'),
(430, 87, 5, 1, 74.00000000, 0.01009089, 0.00040364, '2022-12-04 07:20:02', '2022-12-04 07:32:23'),
(431, 88, 1, 1, 81.00000000, 0.01119925, 0.00511470, '2022-12-04 07:20:02', '2022-12-04 07:32:23'),
(432, 88, 2, 1, 81.95000000, 0.01126744, 0.00289235, '2022-12-04 07:20:02', '2022-12-04 07:32:23'),
(433, 88, 3, 1, 77.00000000, 0.01058133, 0.00165809, '2022-12-04 07:20:02', '2022-12-04 07:32:23'),
(434, 88, 4, 1, 70.45000000, 0.00965475, 0.00086893, '2022-12-04 07:20:02', '2022-12-04 07:32:23'),
(435, 88, 5, 1, 80.68000000, 0.01100179, 0.00044007, '2022-12-04 07:20:02', '2022-12-04 07:32:23'),
(436, 89, 1, 1, 80.00000000, 0.01106098, 0.00505155, '2022-12-04 07:20:02', '2022-12-04 07:32:23'),
(437, 89, 2, 1, 80.68000000, 0.01109282, 0.00284753, '2022-12-04 07:20:02', '2022-12-04 07:32:23'),
(438, 89, 3, 1, 77.00000000, 0.01058133, 0.00165809, '2022-12-04 07:20:02', '2022-12-04 07:32:23'),
(439, 89, 4, 1, 70.45000000, 0.00965475, 0.00086893, '2022-12-04 07:20:02', '2022-12-04 07:32:23'),
(440, 89, 5, 1, 79.00000000, 0.01077270, 0.00043091, '2022-12-04 07:20:02', '2022-12-04 07:32:23'),
(441, 90, 1, 1, 81.00000000, 0.01119925, 0.00511470, '2022-12-04 07:20:02', '2022-12-04 07:32:23'),
(442, 90, 2, 1, 82.40000000, 0.01132931, 0.00290823, '2022-12-04 07:20:02', '2022-12-04 07:32:23'),
(443, 90, 3, 1, 74.00000000, 0.01016907, 0.00159349, '2022-12-04 07:20:02', '2022-12-04 07:32:23'),
(444, 90, 4, 1, 78.00000000, 0.01068943, 0.00096205, '2022-12-04 07:20:02', '2022-12-04 07:32:23'),
(445, 90, 5, 1, 76.14000000, 0.01038270, 0.00041531, '2022-12-04 07:20:02', '2022-12-04 07:32:23'),
(446, 91, 1, 1, 80.68000000, 0.01115500, 0.00509449, '2022-12-04 07:20:02', '2022-12-04 07:32:23'),
(447, 91, 2, 1, 80.00000000, 0.01099933, 0.00282353, '2022-12-04 07:20:02', '2022-12-04 07:32:23'),
(448, 91, 3, 1, 81.00000000, 0.01113101, 0.00174423, '2022-12-04 07:20:02', '2022-12-04 07:32:23'),
(449, 91, 4, 1, 81.00000000, 0.01110056, 0.00099905, '2022-12-04 07:20:02', '2022-12-04 07:32:23'),
(450, 91, 5, 1, 77.00000000, 0.01049998, 0.00042000, '2022-12-04 07:20:02', '2022-12-04 07:32:23'),
(451, 92, 1, 1, 74.00000000, 0.01023141, 0.00467268, '2022-12-04 07:20:02', '2022-12-04 07:32:23'),
(452, 92, 2, 1, 80.68000000, 0.01109282, 0.00284753, '2022-12-04 07:20:02', '2022-12-04 07:32:23'),
(453, 92, 3, 1, 81.00000000, 0.01113101, 0.00174423, '2022-12-04 07:20:02', '2022-12-04 07:32:23'),
(454, 92, 4, 1, 70.45000000, 0.00965475, 0.00086893, '2022-12-04 07:20:02', '2022-12-04 07:32:23'),
(455, 92, 5, 1, 80.00000000, 0.01090907, 0.00043636, '2022-12-04 07:20:02', '2022-12-04 07:32:23'),
(456, 2, 1, 2, 80.55000000, 0.01078269, 0.00492445, '2022-12-04 07:43:06', '2022-12-04 07:47:04'),
(457, 2, 2, 2, 82.95000000, 0.01107098, 0.00284192, '2022-12-04 07:43:06', '2022-12-04 07:47:04'),
(458, 2, 3, 2, 84.09000000, 0.01122267, 0.00175859, '2022-12-04 07:43:06', '2022-12-04 07:47:04'),
(459, 2, 4, 2, 83.75000000, 0.01126287, 0.00101366, '2022-12-04 07:43:06', '2022-12-04 07:47:04'),
(460, 2, 5, 2, 83.33000000, 0.01115632, 0.00044625, '2022-12-04 07:43:06', '2022-12-04 07:47:04'),
(461, 3, 1, 2, 83.33000000, 0.01115482, 0.00509441, '2022-12-04 07:43:06', '2022-12-04 07:47:04'),
(462, 3, 2, 2, 85.22000000, 0.01137395, 0.00291969, '2022-12-04 07:43:06', '2022-12-04 07:47:04'),
(463, 3, 3, 2, 85.22000000, 0.01137348, 0.00178222, '2022-12-04 07:43:06', '2022-12-04 07:47:04'),
(464, 3, 4, 2, 85.00000000, 0.01143097, 0.00102879, '2022-12-04 07:43:06', '2022-12-04 07:47:04'),
(465, 3, 5, 2, 85.40000000, 0.01143345, 0.00045734, '2022-12-04 07:43:06', '2022-12-04 07:47:04'),
(466, 4, 1, 2, 83.75000000, 0.01121105, 0.00512009, '2022-12-04 07:43:06', '2022-12-04 07:47:04'),
(467, 4, 2, 2, 89.77000000, 0.01198122, 0.00307558, '2022-12-04 07:43:06', '2022-12-04 07:47:04'),
(468, 4, 3, 2, 84.31000000, 0.01125203, 0.00176319, '2022-12-04 07:43:06', '2022-12-04 07:47:04'),
(469, 4, 4, 2, 83.75000000, 0.01126287, 0.00101366, '2022-12-04 07:43:06', '2022-12-04 07:47:04'),
(470, 4, 5, 2, 83.33000000, 0.01115632, 0.00044625, '2022-12-04 07:43:06', '2022-12-04 07:47:04'),
(471, 5, 1, 2, 83.75000000, 0.01121105, 0.00512009, '2022-12-04 07:43:06', '2022-12-04 07:47:04'),
(472, 5, 2, 2, 84.00000000, 0.01121112, 0.00287789, '2022-12-04 07:43:06', '2022-12-04 07:47:04'),
(473, 5, 3, 2, 84.00000000, 0.01121066, 0.00175671, '2022-12-04 07:43:06', '2022-12-04 07:47:04'),
(474, 5, 4, 2, 84.00000000, 0.01129649, 0.00101668, '2022-12-04 07:43:06', '2022-12-04 07:47:05'),
(475, 5, 5, 2, 81.00000000, 0.01084438, 0.00043378, '2022-12-04 07:43:06', '2022-12-04 07:47:05'),
(476, 6, 1, 2, 83.00000000, 0.01111065, 0.00507423, '2022-12-04 07:43:06', '2022-12-04 07:47:05'),
(477, 6, 2, 2, 83.00000000, 0.01107766, 0.00284363, '2022-12-04 07:43:06', '2022-12-04 07:47:05'),
(478, 6, 3, 2, 81.00000000, 0.01081028, 0.00169397, '2022-12-04 07:43:06', '2022-12-04 07:47:05'),
(479, 6, 4, 2, 82.00000000, 0.01102752, 0.00099248, '2022-12-04 07:43:06', '2022-12-04 07:47:05'),
(480, 6, 5, 2, 82.00000000, 0.01097826, 0.00043913, '2022-12-04 07:43:06', '2022-12-04 07:47:05'),
(481, 7, 1, 2, 72.00000000, 0.00963815, 0.00440175, '2022-12-04 07:43:06', '2022-12-04 07:47:05'),
(482, 7, 2, 2, 81.81000000, 0.01091883, 0.00280286, '2022-12-04 07:43:06', '2022-12-04 07:47:05'),
(483, 7, 3, 2, 79.54000000, 0.01061543, 0.00166344, '2022-12-04 07:43:06', '2022-12-04 07:47:05'),
(484, 7, 4, 2, 80.62000000, 0.01084194, 0.00097577, '2022-12-04 07:43:06', '2022-12-04 07:47:05'),
(485, 7, 5, 2, 81.25000000, 0.01087785, 0.00043511, '2022-12-04 07:43:06', '2022-12-04 07:47:05'),
(486, 8, 1, 2, 85.29000000, 0.01141720, 0.00521423, '2022-12-04 07:43:06', '2022-12-04 07:47:05'),
(487, 8, 2, 2, 86.36000000, 0.01152610, 0.00295875, '2022-12-04 07:43:06', '2022-12-04 07:47:05'),
(488, 8, 3, 2, 85.00000000, 0.01134412, 0.00177762, '2022-12-04 07:43:06', '2022-12-04 07:47:05'),
(489, 8, 4, 2, 81.00000000, 0.01089304, 0.00098037, '2022-12-04 07:43:06', '2022-12-04 07:47:05'),
(490, 8, 5, 2, 80.00000000, 0.01071049, 0.00042842, '2022-12-04 07:43:06', '2022-12-04 07:47:05'),
(491, 9, 1, 2, 82.50000000, 0.01104372, 0.00504367, '2022-12-04 07:43:06', '2022-12-04 07:47:05'),
(492, 9, 2, 2, 81.00000000, 0.01081072, 0.00277511, '2022-12-04 07:43:06', '2022-12-04 07:47:05'),
(493, 9, 3, 2, 81.00000000, 0.01081028, 0.00169397, '2022-12-04 07:43:06', '2022-12-04 07:47:05'),
(494, 9, 4, 2, 81.25000000, 0.01092666, 0.00098340, '2022-12-04 07:43:06', '2022-12-04 07:47:05'),
(495, 9, 5, 2, 81.25000000, 0.01087785, 0.00043511, '2022-12-04 07:43:06', '2022-12-04 07:47:05'),
(496, 10, 1, 2, 82.50000000, 0.01104372, 0.00504367, '2022-12-04 07:43:06', '2022-12-04 07:47:05'),
(497, 10, 2, 2, 83.00000000, 0.01107766, 0.00284363, '2022-12-04 07:43:06', '2022-12-04 07:47:05'),
(498, 10, 3, 2, 80.68000000, 0.01076757, 0.00168728, '2022-12-04 07:43:06', '2022-12-04 07:47:05'),
(499, 10, 4, 2, 81.25000000, 0.01092666, 0.00098340, '2022-12-04 07:43:06', '2022-12-04 07:47:05'),
(500, 10, 5, 2, 81.25000000, 0.01087785, 0.00043511, '2022-12-04 07:43:06', '2022-12-04 07:47:05'),
(501, 11, 1, 2, 82.50000000, 0.01104372, 0.00504367, '2022-12-04 07:43:06', '2022-12-04 07:47:05'),
(502, 11, 2, 2, 82.95000000, 0.01107098, 0.00284192, '2022-12-04 07:43:06', '2022-12-04 07:47:05'),
(503, 11, 3, 2, 80.68000000, 0.01076757, 0.00168728, '2022-12-04 07:43:06', '2022-12-04 07:47:05'),
(504, 11, 4, 2, 81.25000000, 0.01092666, 0.00098340, '2022-12-04 07:43:06', '2022-12-04 07:47:05'),
(505, 11, 5, 2, 82.29000000, 0.01101708, 0.00044068, '2022-12-04 07:43:06', '2022-12-04 07:47:05'),
(506, 12, 1, 2, 83.82000000, 0.01122042, 0.00512436, '2022-12-04 07:43:06', '2022-12-04 07:47:05'),
(507, 12, 2, 2, 82.95000000, 0.01107098, 0.00284192, '2022-12-04 07:43:06', '2022-12-04 07:47:05'),
(508, 12, 3, 2, 85.00000000, 0.01134412, 0.00177762, '2022-12-04 07:43:06', '2022-12-04 07:47:05'),
(509, 12, 4, 2, 81.81000000, 0.01100197, 0.00099018, '2022-12-04 07:43:06', '2022-12-04 07:47:05'),
(510, 12, 5, 2, 77.27000000, 0.01034500, 0.00041380, '2022-12-04 07:43:06', '2022-12-04 07:47:05');
INSERT INTO `nilai` (`id`, `id_guru`, `id_kriteria`, `id_periode`, `nilai`, `normalisasi_kriteria`, `normalisasi_bobot`, `created_at`, `updated_at`) VALUES
(511, 13, 1, 2, 83.33000000, 0.01115482, 0.00509441, '2022-12-04 07:43:06', '2022-12-04 07:47:05'),
(512, 13, 2, 2, 85.23000000, 0.01137528, 0.00292004, '2022-12-04 07:43:06', '2022-12-04 07:47:05'),
(513, 13, 3, 2, 83.00000000, 0.01107720, 0.00173580, '2022-12-04 07:43:07', '2022-12-04 07:47:05'),
(514, 13, 4, 2, 82.50000000, 0.01109476, 0.00099853, '2022-12-04 07:43:07', '2022-12-04 07:47:05'),
(515, 13, 5, 2, 83.33000000, 0.01115632, 0.00044625, '2022-12-04 07:43:07', '2022-12-04 07:47:05'),
(516, 14, 1, 2, 82.50000000, 0.01104372, 0.00504367, '2022-12-04 07:43:07', '2022-12-04 07:47:05'),
(517, 14, 2, 2, 83.00000000, 0.01107766, 0.00284363, '2022-12-04 07:43:07', '2022-12-04 07:47:05'),
(518, 14, 3, 2, 83.00000000, 0.01107720, 0.00173580, '2022-12-04 07:43:07', '2022-12-04 07:47:05'),
(519, 14, 4, 2, 83.00000000, 0.01116201, 0.00100458, '2022-12-04 07:43:07', '2022-12-04 07:47:05'),
(520, 14, 5, 2, 83.00000000, 0.01111214, 0.00044449, '2022-12-04 07:43:07', '2022-12-04 07:47:05'),
(521, 15, 1, 2, 81.84000000, 0.01095537, 0.00500332, '2022-12-04 07:43:07', '2022-12-04 07:47:05'),
(522, 15, 2, 2, 81.81000000, 0.01091883, 0.00280286, '2022-12-04 07:43:07', '2022-12-04 07:47:05'),
(523, 15, 3, 2, 77.27000000, 0.01031247, 0.00161596, '2022-12-04 07:43:07', '2022-12-04 07:47:05'),
(524, 15, 4, 2, 70.63000000, 0.00949846, 0.00085486, '2022-12-04 07:43:07', '2022-12-04 07:47:05'),
(525, 15, 5, 2, 79.16000000, 0.01059803, 0.00042392, '2022-12-04 07:43:07', '2022-12-04 07:47:05'),
(526, 16, 1, 2, 71.00000000, 0.00950429, 0.00434061, '2022-12-04 07:43:07', '2022-12-04 07:47:05'),
(527, 16, 2, 2, 70.63000000, 0.00942668, 0.00241983, '2022-12-04 07:43:07', '2022-12-04 07:47:05'),
(528, 16, 3, 2, 81.25000000, 0.01084364, 0.00169920, '2022-12-04 07:43:07', '2022-12-04 07:47:05'),
(529, 16, 4, 2, 78.40000000, 0.01054339, 0.00094890, '2022-12-04 07:43:07', '2022-12-04 07:47:05'),
(530, 16, 5, 2, 80.68000000, 0.01080153, 0.00043206, '2022-12-04 07:43:07', '2022-12-04 07:47:05'),
(531, 17, 1, 2, 86.11000000, 0.01152696, 0.00526436, '2022-12-04 07:43:07', '2022-12-04 07:47:05'),
(532, 17, 2, 2, 82.96000000, 0.01107232, 0.00284226, '2022-12-04 07:43:07', '2022-12-04 07:47:05'),
(533, 17, 3, 2, 85.23000000, 0.01137481, 0.00178243, '2022-12-04 07:43:07', '2022-12-04 07:47:05'),
(534, 17, 4, 2, 84.76000000, 0.01139869, 0.00102588, '2022-12-04 07:43:07', '2022-12-04 07:47:05'),
(535, 17, 5, 2, 85.42000000, 0.01143613, 0.00045745, '2022-12-04 07:43:07', '2022-12-04 07:47:05'),
(536, 18, 1, 2, 80.00000000, 0.01070906, 0.00489083, '2022-12-04 07:43:07', '2022-12-04 07:47:05'),
(537, 18, 2, 2, 78.00000000, 0.01041033, 0.00267233, '2022-12-04 07:43:07', '2022-12-04 07:47:05'),
(538, 18, 3, 2, 82.00000000, 0.01094374, 0.00171488, '2022-12-04 07:43:07', '2022-12-04 07:47:05'),
(539, 18, 4, 2, 81.00000000, 0.01089304, 0.00098037, '2022-12-04 07:43:07', '2022-12-04 07:47:05'),
(540, 18, 5, 2, 71.00000000, 0.00950556, 0.00038022, '2022-12-04 07:43:07', '2022-12-04 07:47:05'),
(541, 19, 1, 2, 82.50000000, 0.01104372, 0.00504367, '2022-12-04 07:43:07', '2022-12-04 07:47:05'),
(542, 19, 2, 2, 78.40000000, 0.01046371, 0.00268604, '2022-12-04 07:43:07', '2022-12-04 07:47:05'),
(543, 19, 3, 2, 76.14000000, 0.01016166, 0.00159233, '2022-12-04 07:43:07', '2022-12-04 07:47:05'),
(544, 19, 4, 2, 78.20000000, 0.01051649, 0.00094648, '2022-12-04 07:43:07', '2022-12-04 07:47:05'),
(545, 19, 5, 2, 80.00000000, 0.01071049, 0.00042842, '2022-12-04 07:43:07', '2022-12-04 07:47:05'),
(546, 20, 1, 2, 85.00000000, 0.01137838, 0.00519650, '2022-12-04 07:43:07', '2022-12-04 07:47:05'),
(547, 20, 2, 2, 80.68000000, 0.01076802, 0.00276415, '2022-12-04 07:43:07', '2022-12-04 07:47:05'),
(548, 20, 3, 2, 80.68000000, 0.01076757, 0.00168728, '2022-12-04 07:43:07', '2022-12-04 07:47:05'),
(549, 20, 4, 2, 81.21000000, 0.01092128, 0.00098292, '2022-12-04 07:43:07', '2022-12-04 07:47:05'),
(550, 20, 5, 2, 81.25000000, 0.01087785, 0.00043511, '2022-12-04 07:43:07', '2022-12-04 07:47:05'),
(551, 21, 1, 2, 78.94000000, 0.01056717, 0.00482602, '2022-12-04 07:43:07', '2022-12-04 07:47:05'),
(552, 21, 2, 2, 77.27000000, 0.01031290, 0.00264732, '2022-12-04 07:43:07', '2022-12-04 07:47:05'),
(553, 21, 3, 2, 84.09000000, 0.01122267, 0.00175859, '2022-12-04 07:43:07', '2022-12-04 07:47:05'),
(554, 21, 4, 2, 74.00000000, 0.00995167, 0.00089565, '2022-12-04 07:43:07', '2022-12-04 07:47:05'),
(555, 21, 5, 2, 76.14000000, 0.01019371, 0.00040775, '2022-12-04 07:43:07', '2022-12-04 07:47:05'),
(556, 22, 1, 2, 83.33000000, 0.01115482, 0.00509441, '2022-12-04 07:43:07', '2022-12-04 07:47:05'),
(557, 22, 2, 2, 80.68000000, 0.01076802, 0.00276415, '2022-12-04 07:43:07', '2022-12-04 07:47:05'),
(558, 22, 3, 2, 81.81000000, 0.01091838, 0.00171091, '2022-12-04 07:43:07', '2022-12-04 07:47:05'),
(559, 22, 4, 2, 82.50000000, 0.01109476, 0.00099853, '2022-12-04 07:43:07', '2022-12-04 07:47:05'),
(560, 22, 5, 2, 82.29000000, 0.01101708, 0.00044068, '2022-12-04 07:43:07', '2022-12-04 07:47:05'),
(561, 23, 1, 2, 80.68000000, 0.01080009, 0.00493240, '2022-12-04 07:43:07', '2022-12-04 07:47:05'),
(562, 23, 2, 2, 78.94000000, 0.01053578, 0.00270454, '2022-12-04 07:43:07', '2022-12-04 07:47:05'),
(563, 23, 3, 2, 77.27000000, 0.01031247, 0.00161596, '2022-12-04 07:43:07', '2022-12-04 07:47:05'),
(564, 23, 4, 2, 80.68000000, 0.01085001, 0.00097650, '2022-12-04 07:43:07', '2022-12-04 07:47:05'),
(565, 23, 5, 2, 78.13000000, 0.01046014, 0.00041841, '2022-12-04 07:43:07', '2022-12-04 07:47:05'),
(566, 24, 1, 2, 85.00000000, 0.01137838, 0.00519650, '2022-12-04 07:43:07', '2022-12-04 07:47:05'),
(567, 24, 2, 2, 75.00000000, 0.01000993, 0.00256955, '2022-12-04 07:43:07', '2022-12-04 07:47:05'),
(568, 24, 3, 2, 77.00000000, 0.01027644, 0.00161032, '2022-12-04 07:43:07', '2022-12-04 07:47:05'),
(569, 24, 4, 2, 85.00000000, 0.01143097, 0.00102879, '2022-12-04 07:43:07', '2022-12-04 07:47:05'),
(570, 24, 5, 2, 77.00000000, 0.01030885, 0.00041235, '2022-12-04 07:43:07', '2022-12-04 07:47:05'),
(571, 25, 1, 2, 82.50000000, 0.01104372, 0.00504367, '2022-12-04 07:43:07', '2022-12-04 07:47:05'),
(572, 25, 2, 2, 87.50000000, 0.01167825, 0.00299781, '2022-12-04 07:43:07', '2022-12-04 07:47:05'),
(573, 25, 3, 2, 85.20000000, 0.01137081, 0.00178181, '2022-12-04 07:43:07', '2022-12-04 07:47:05'),
(574, 25, 4, 2, 83.12000000, 0.01117814, 0.00100603, '2022-12-04 07:43:07', '2022-12-04 07:47:05'),
(575, 25, 5, 2, 85.41000000, 0.01143479, 0.00045739, '2022-12-04 07:43:07', '2022-12-04 07:47:05'),
(576, 26, 1, 2, 80.68000000, 0.01080009, 0.00493240, '2022-12-04 07:43:07', '2022-12-04 07:47:05'),
(577, 26, 2, 2, 78.13000000, 0.01042768, 0.00267678, '2022-12-04 07:43:07', '2022-12-04 07:47:05'),
(578, 26, 3, 2, 81.81000000, 0.01091838, 0.00171091, '2022-12-04 07:43:07', '2022-12-04 07:47:05'),
(579, 26, 4, 2, 79.38000000, 0.01067518, 0.00096077, '2022-12-04 07:43:07', '2022-12-04 07:47:05'),
(580, 26, 5, 2, 85.41000000, 0.01143479, 0.00045739, '2022-12-04 07:43:07', '2022-12-04 07:47:05'),
(581, 27, 1, 2, 80.00000000, 0.01070906, 0.00489083, '2022-12-04 07:43:07', '2022-12-04 07:47:05'),
(582, 27, 2, 2, 82.95000000, 0.01107098, 0.00284192, '2022-12-04 07:43:07', '2022-12-04 07:47:05'),
(583, 27, 3, 2, 80.68000000, 0.01076757, 0.00168728, '2022-12-04 07:43:07', '2022-12-04 07:47:05'),
(584, 27, 4, 2, 81.25000000, 0.01092666, 0.00098340, '2022-12-04 07:43:07', '2022-12-04 07:47:05'),
(585, 27, 5, 2, 82.29000000, 0.01101708, 0.00044068, '2022-12-04 07:43:07', '2022-12-04 07:47:05'),
(586, 28, 1, 2, 80.00000000, 0.01070906, 0.00489083, '2022-12-04 07:43:07', '2022-12-04 07:47:06'),
(587, 28, 2, 2, 81.80000000, 0.01091750, 0.00280252, '2022-12-04 07:43:07', '2022-12-04 07:47:06'),
(588, 28, 3, 2, 83.00000000, 0.01107720, 0.00173580, '2022-12-04 07:43:07', '2022-12-04 07:47:06'),
(589, 28, 4, 2, 84.00000000, 0.01129649, 0.00101668, '2022-12-04 07:43:07', '2022-12-04 07:47:06'),
(590, 28, 5, 2, 83.00000000, 0.01111214, 0.00044449, '2022-12-04 07:43:07', '2022-12-04 07:47:06'),
(591, 29, 1, 2, 80.55000000, 0.01078269, 0.00492445, '2022-12-04 07:43:07', '2022-12-04 07:47:06'),
(592, 29, 2, 2, 81.81000000, 0.01091883, 0.00280286, '2022-12-04 07:43:07', '2022-12-04 07:47:06'),
(593, 29, 3, 2, 81.81000000, 0.01091838, 0.00171091, '2022-12-04 07:43:07', '2022-12-04 07:47:06'),
(594, 29, 4, 2, 79.38000000, 0.01067518, 0.00096077, '2022-12-04 07:43:07', '2022-12-04 07:47:06'),
(595, 29, 5, 2, 82.29000000, 0.01101708, 0.00044068, '2022-12-04 07:43:07', '2022-12-04 07:47:06'),
(596, 30, 1, 2, 78.75000000, 0.01054173, 0.00481441, '2022-12-04 07:43:07', '2022-12-04 07:47:06'),
(597, 30, 2, 2, 79.50000000, 0.01061053, 0.00272372, '2022-12-04 07:43:07', '2022-12-04 07:47:06'),
(598, 30, 3, 2, 80.68000000, 0.01076757, 0.00168728, '2022-12-04 07:43:07', '2022-12-04 07:47:06'),
(599, 30, 4, 2, 78.13000000, 0.01050708, 0.00094564, '2022-12-04 07:43:07', '2022-12-04 07:47:06'),
(600, 30, 5, 2, 78.13000000, 0.01046014, 0.00041841, '2022-12-04 07:43:07', '2022-12-04 07:47:06'),
(601, 31, 1, 2, 82.50000000, 0.01104372, 0.00504367, '2022-12-04 07:43:07', '2022-12-04 07:47:06'),
(602, 31, 2, 2, 83.00000000, 0.01107766, 0.00284363, '2022-12-04 07:43:07', '2022-12-04 07:47:06'),
(603, 31, 3, 2, 92.02000000, 0.01228101, 0.00192443, '2022-12-04 07:43:07', '2022-12-04 07:47:06'),
(604, 31, 4, 2, 81.25000000, 0.01092666, 0.00098340, '2022-12-04 07:43:07', '2022-12-04 07:47:06'),
(605, 31, 5, 2, 95.83000000, 0.01282983, 0.00051319, '2022-12-04 07:43:07', '2022-12-04 07:47:06'),
(606, 32, 1, 2, 82.50000000, 0.01104372, 0.00504367, '2022-12-04 07:43:07', '2022-12-04 07:47:06'),
(607, 32, 2, 2, 82.95000000, 0.01107098, 0.00284192, '2022-12-04 07:43:07', '2022-12-04 07:47:06'),
(608, 32, 3, 2, 80.68000000, 0.01076757, 0.00168728, '2022-12-04 07:43:07', '2022-12-04 07:47:06'),
(609, 32, 4, 2, 81.25000000, 0.01092666, 0.00098340, '2022-12-04 07:43:07', '2022-12-04 07:47:06'),
(610, 32, 5, 2, 82.29000000, 0.01101708, 0.00044068, '2022-12-04 07:43:07', '2022-12-04 07:47:06'),
(611, 33, 1, 2, 82.50000000, 0.01104372, 0.00504367, '2022-12-04 07:43:07', '2022-12-04 07:47:06'),
(612, 33, 2, 2, 82.95000000, 0.01107098, 0.00284192, '2022-12-04 07:43:07', '2022-12-04 07:47:06'),
(613, 33, 3, 2, 82.50000000, 0.01101047, 0.00172534, '2022-12-04 07:43:07', '2022-12-04 07:47:06'),
(614, 33, 4, 2, 81.25000000, 0.01092666, 0.00098340, '2022-12-04 07:43:07', '2022-12-04 07:47:06'),
(615, 33, 5, 2, 83.29000000, 0.01115096, 0.00044604, '2022-12-04 07:43:07', '2022-12-04 07:47:06'),
(616, 34, 1, 2, 80.00000000, 0.01070906, 0.00489083, '2022-12-04 07:43:07', '2022-12-04 07:47:06'),
(617, 34, 2, 2, 80.60000000, 0.01075734, 0.00276141, '2022-12-04 07:43:07', '2022-12-04 07:47:06'),
(618, 34, 3, 2, 80.68000000, 0.01076757, 0.00168728, '2022-12-04 07:43:07', '2022-12-04 07:47:06'),
(619, 34, 4, 2, 81.25000000, 0.01092666, 0.00098340, '2022-12-04 07:43:07', '2022-12-04 07:47:06'),
(620, 34, 5, 2, 80.20000000, 0.01073727, 0.00042949, '2022-12-04 07:43:07', '2022-12-04 07:47:06'),
(621, 35, 1, 2, 88.75000000, 0.01188036, 0.00542576, '2022-12-04 07:43:07', '2022-12-04 07:47:06'),
(622, 35, 2, 2, 84.00000000, 0.01121112, 0.00287789, '2022-12-04 07:43:07', '2022-12-04 07:47:06'),
(623, 35, 3, 2, 83.00000000, 0.01107720, 0.00173580, '2022-12-04 07:43:07', '2022-12-04 07:47:06'),
(624, 35, 4, 2, 81.88000000, 0.01101139, 0.00099102, '2022-12-04 07:43:07', '2022-12-04 07:47:06'),
(625, 35, 5, 2, 83.00000000, 0.01111214, 0.00044449, '2022-12-04 07:43:07', '2022-12-04 07:47:06'),
(626, 36, 1, 2, 81.25000000, 0.01087639, 0.00496725, '2022-12-04 07:43:07', '2022-12-04 07:47:06'),
(627, 36, 2, 2, 84.09000000, 0.01122313, 0.00288098, '2022-12-04 07:43:07', '2022-12-04 07:47:06'),
(628, 36, 3, 2, 84.09000000, 0.01122267, 0.00175859, '2022-12-04 07:43:07', '2022-12-04 07:47:06'),
(629, 36, 4, 2, 84.38000000, 0.01134759, 0.00102128, '2022-12-04 07:43:07', '2022-12-04 07:47:06'),
(630, 36, 5, 2, 81.25000000, 0.01087785, 0.00043511, '2022-12-04 07:43:07', '2022-12-04 07:47:06'),
(631, 37, 1, 2, 83.75000000, 0.01121105, 0.00512009, '2022-12-04 07:43:07', '2022-12-04 07:47:06'),
(632, 37, 2, 2, 82.90000000, 0.01106431, 0.00284021, '2022-12-04 07:43:07', '2022-12-04 07:47:06'),
(633, 37, 3, 2, 84.09000000, 0.01122267, 0.00175859, '2022-12-04 07:43:07', '2022-12-04 07:47:06'),
(634, 37, 4, 2, 85.00000000, 0.01143097, 0.00102879, '2022-12-04 07:43:07', '2022-12-04 07:47:06'),
(635, 37, 5, 2, 81.25000000, 0.01087785, 0.00043511, '2022-12-04 07:43:07', '2022-12-04 07:47:06'),
(636, 38, 1, 2, 80.68000000, 0.01080009, 0.00493240, '2022-12-04 07:43:07', '2022-12-04 07:47:06'),
(637, 38, 2, 2, 81.89000000, 0.01092951, 0.00280560, '2022-12-04 07:43:07', '2022-12-04 07:47:06'),
(638, 38, 3, 2, 79.00000000, 0.01054336, 0.00165214, '2022-12-04 07:43:07', '2022-12-04 07:47:06'),
(639, 38, 4, 2, 77.00000000, 0.01035511, 0.00093196, '2022-12-04 07:43:07', '2022-12-04 07:47:06'),
(640, 38, 5, 2, 81.00000000, 0.01084438, 0.00043378, '2022-12-04 07:43:07', '2022-12-04 07:47:06'),
(641, 39, 1, 2, 87.50000000, 0.01171303, 0.00534934, '2022-12-04 07:43:07', '2022-12-04 07:47:06'),
(642, 39, 2, 2, 85.22000000, 0.01137395, 0.00291969, '2022-12-04 07:43:07', '2022-12-04 07:47:06'),
(643, 39, 3, 2, 85.22000000, 0.01137348, 0.00178222, '2022-12-04 07:43:07', '2022-12-04 07:47:06'),
(644, 39, 4, 2, 85.00000000, 0.01143097, 0.00102879, '2022-12-04 07:43:07', '2022-12-04 07:47:06'),
(645, 39, 5, 2, 85.40000000, 0.01143345, 0.00045734, '2022-12-04 07:43:07', '2022-12-04 07:47:06'),
(646, 40, 1, 2, 82.50000000, 0.01104372, 0.00504367, '2022-12-04 07:43:07', '2022-12-04 07:47:06'),
(647, 40, 2, 2, 82.00000000, 0.01094419, 0.00280937, '2022-12-04 07:43:07', '2022-12-04 07:47:06'),
(648, 40, 3, 2, 82.00000000, 0.01094374, 0.00171488, '2022-12-04 07:43:07', '2022-12-04 07:47:06'),
(649, 40, 4, 2, 82.00000000, 0.01102752, 0.00099248, '2022-12-04 07:43:07', '2022-12-04 07:47:06'),
(650, 40, 5, 2, 85.00000000, 0.01137990, 0.00045520, '2022-12-04 07:43:07', '2022-12-04 07:47:06'),
(651, 41, 1, 2, 81.25000000, 0.01087639, 0.00496725, '2022-12-04 07:43:07', '2022-12-04 07:47:06'),
(652, 41, 2, 2, 82.95000000, 0.01107098, 0.00284192, '2022-12-04 07:43:07', '2022-12-04 07:47:06'),
(653, 41, 3, 2, 84.09000000, 0.01122267, 0.00175859, '2022-12-04 07:43:07', '2022-12-04 07:47:06'),
(654, 41, 4, 2, 84.38000000, 0.01134759, 0.00102128, '2022-12-04 07:43:07', '2022-12-04 07:47:06'),
(655, 41, 5, 2, 81.25000000, 0.01087785, 0.00043511, '2022-12-04 07:43:07', '2022-12-04 07:47:06'),
(656, 42, 1, 2, 78.75000000, 0.01054173, 0.00481441, '2022-12-04 07:43:07', '2022-12-04 07:47:06'),
(657, 42, 2, 2, 80.68000000, 0.01076802, 0.00276415, '2022-12-04 07:43:07', '2022-12-04 07:47:06'),
(658, 42, 3, 2, 79.50000000, 0.01061009, 0.00166260, '2022-12-04 07:43:07', '2022-12-04 07:47:06'),
(659, 42, 4, 2, 78.13000000, 0.01050708, 0.00094564, '2022-12-04 07:43:07', '2022-12-04 07:47:06'),
(660, 42, 5, 2, 78.13000000, 0.01046014, 0.00041841, '2022-12-04 07:43:07', '2022-12-04 07:47:06'),
(661, 43, 1, 2, 83.75000000, 0.01121105, 0.00512009, '2022-12-04 07:43:07', '2022-12-04 07:47:06'),
(662, 43, 2, 2, 84.09000000, 0.01122313, 0.00288098, '2022-12-04 07:43:07', '2022-12-04 07:47:06'),
(663, 43, 3, 2, 84.59000000, 0.01128940, 0.00176905, '2022-12-04 07:43:07', '2022-12-04 07:47:06'),
(664, 43, 4, 2, 83.75000000, 0.01126287, 0.00101366, '2022-12-04 07:43:07', '2022-12-04 07:47:06'),
(665, 43, 5, 2, 83.33000000, 0.01115632, 0.00044625, '2022-12-04 07:43:07', '2022-12-04 07:47:06'),
(666, 44, 1, 2, 81.25000000, 0.01087639, 0.00496725, '2022-12-04 07:43:07', '2022-12-04 07:47:06'),
(667, 44, 2, 2, 82.95000000, 0.01107098, 0.00284192, '2022-12-04 07:43:07', '2022-12-04 07:47:06'),
(668, 44, 3, 2, 80.68000000, 0.01076757, 0.00168728, '2022-12-04 07:43:07', '2022-12-04 07:47:06'),
(669, 44, 4, 2, 81.89000000, 0.01101273, 0.00099115, '2022-12-04 07:43:07', '2022-12-04 07:47:06'),
(670, 44, 5, 2, 81.25000000, 0.01087785, 0.00043511, '2022-12-04 07:43:07', '2022-12-04 07:47:06'),
(671, 45, 1, 2, 78.00000000, 0.01044133, 0.00476856, '2022-12-04 07:43:07', '2022-12-04 07:47:06'),
(672, 45, 2, 2, 78.00000000, 0.01041033, 0.00267233, '2022-12-04 07:43:07', '2022-12-04 07:47:06'),
(673, 45, 3, 2, 79.00000000, 0.01054336, 0.00165214, '2022-12-04 07:43:07', '2022-12-04 07:47:06'),
(674, 45, 4, 2, 77.00000000, 0.01035511, 0.00093196, '2022-12-04 07:43:07', '2022-12-04 07:47:06'),
(675, 45, 5, 2, 87.00000000, 0.01164766, 0.00046591, '2022-12-04 07:43:07', '2022-12-04 07:47:06'),
(676, 46, 1, 2, 92.50000000, 0.01238235, 0.00565502, '2022-12-04 07:43:07', '2022-12-04 07:47:06'),
(677, 46, 2, 2, 95.45000000, 0.01273930, 0.00327018, '2022-12-04 07:43:07', '2022-12-04 07:47:06'),
(678, 46, 3, 2, 92.04000000, 0.01228368, 0.00192485, '2022-12-04 07:43:07', '2022-12-04 07:47:06'),
(679, 46, 4, 2, 91.25000000, 0.01227148, 0.00110443, '2022-12-04 07:43:07', '2022-12-04 07:47:06'),
(680, 46, 5, 2, 93.75000000, 0.01255136, 0.00050205, '2022-12-04 07:43:07', '2022-12-04 07:47:06'),
(681, 47, 1, 2, 78.40000000, 0.01049488, 0.00479301, '2022-12-04 07:43:07', '2022-12-04 07:47:07'),
(682, 47, 2, 2, 75.00000000, 0.01000993, 0.00256955, '2022-12-04 07:43:07', '2022-12-04 07:47:07'),
(683, 47, 3, 2, 80.70000000, 0.01077024, 0.00168770, '2022-12-04 07:43:07', '2022-12-04 07:47:07'),
(684, 47, 4, 2, 76.14000000, 0.01023946, 0.00092155, '2022-12-04 07:43:07', '2022-12-04 07:47:07'),
(685, 47, 5, 2, 78.12000000, 0.01045880, 0.00041835, '2022-12-04 07:43:07', '2022-12-04 07:47:07'),
(686, 48, 1, 2, 80.00000000, 0.01070906, 0.00489083, '2022-12-04 07:43:07', '2022-12-04 07:47:07'),
(687, 48, 2, 2, 85.00000000, 0.01134459, 0.00291216, '2022-12-04 07:43:07', '2022-12-04 07:47:07'),
(688, 48, 3, 2, 85.00000000, 0.01134412, 0.00177762, '2022-12-04 07:43:07', '2022-12-04 07:47:07'),
(689, 48, 4, 2, 85.00000000, 0.01143097, 0.00102879, '2022-12-04 07:43:07', '2022-12-04 07:47:07'),
(690, 48, 5, 2, 81.00000000, 0.01084438, 0.00043378, '2022-12-04 07:43:07', '2022-12-04 07:47:07'),
(691, 49, 1, 2, 85.00000000, 0.01137838, 0.00519650, '2022-12-04 07:43:07', '2022-12-04 07:47:07'),
(692, 49, 2, 2, 85.00000000, 0.01134459, 0.00291216, '2022-12-04 07:43:07', '2022-12-04 07:47:07'),
(693, 49, 3, 2, 84.00000000, 0.01121066, 0.00175671, '2022-12-04 07:43:07', '2022-12-04 07:47:07'),
(694, 49, 4, 2, 85.00000000, 0.01143097, 0.00102879, '2022-12-04 07:43:07', '2022-12-04 07:47:07'),
(695, 49, 5, 2, 84.37000000, 0.01129555, 0.00045182, '2022-12-04 07:43:07', '2022-12-04 07:47:07'),
(696, 50, 1, 2, 85.00000000, 0.01137838, 0.00519650, '2022-12-04 07:43:07', '2022-12-04 07:47:07'),
(697, 50, 2, 2, 84.00000000, 0.01121112, 0.00287789, '2022-12-04 07:43:07', '2022-12-04 07:47:07'),
(698, 50, 3, 2, 82.95000000, 0.01107052, 0.00173475, '2022-12-04 07:43:07', '2022-12-04 07:47:07'),
(699, 50, 4, 2, 85.00000000, 0.01143097, 0.00102879, '2022-12-04 07:43:07', '2022-12-04 07:47:07'),
(700, 50, 5, 2, 83.33000000, 0.01115632, 0.00044625, '2022-12-04 07:43:07', '2022-12-04 07:47:07'),
(701, 51, 1, 2, 81.94000000, 0.01096875, 0.00500943, '2022-12-04 07:43:07', '2022-12-04 07:47:07'),
(702, 51, 2, 2, 78.40000000, 0.01046371, 0.00268604, '2022-12-04 07:43:07', '2022-12-04 07:47:07'),
(703, 51, 3, 2, 76.12000000, 0.01015899, 0.00159191, '2022-12-04 07:43:07', '2022-12-04 07:47:07'),
(704, 51, 4, 2, 80.60000000, 0.01083925, 0.00097553, '2022-12-04 07:43:07', '2022-12-04 07:47:07'),
(705, 51, 5, 2, 85.41000000, 0.01143479, 0.00045739, '2022-12-04 07:43:07', '2022-12-04 07:47:07'),
(706, 52, 1, 2, 80.00000000, 0.01070906, 0.00489083, '2022-12-04 07:43:07', '2022-12-04 07:47:07'),
(707, 52, 2, 2, 80.00000000, 0.01067726, 0.00274085, '2022-12-04 07:43:07', '2022-12-04 07:47:07'),
(708, 52, 3, 2, 80.00000000, 0.01067682, 0.00167306, '2022-12-04 07:43:07', '2022-12-04 07:47:07'),
(709, 52, 4, 2, 81.00000000, 0.01089304, 0.00098037, '2022-12-04 07:43:07', '2022-12-04 07:47:07'),
(710, 52, 5, 2, 80.00000000, 0.01071049, 0.00042842, '2022-12-04 07:43:07', '2022-12-04 07:47:07'),
(711, 53, 1, 2, 82.50000000, 0.01104372, 0.00504367, '2022-12-04 07:43:07', '2022-12-04 07:47:07'),
(712, 53, 2, 2, 82.95000000, 0.01107098, 0.00284192, '2022-12-04 07:43:07', '2022-12-04 07:47:07'),
(713, 53, 3, 2, 80.68000000, 0.01076757, 0.00168728, '2022-12-04 07:43:07', '2022-12-04 07:47:07'),
(714, 53, 4, 2, 81.25000000, 0.01092666, 0.00098340, '2022-12-04 07:43:07', '2022-12-04 07:47:07'),
(715, 53, 5, 2, 82.29000000, 0.01101708, 0.00044068, '2022-12-04 07:43:07', '2022-12-04 07:47:07'),
(716, 54, 1, 2, 76.25000000, 0.01020707, 0.00466157, '2022-12-04 07:43:07', '2022-12-04 07:47:07'),
(717, 54, 2, 2, 78.41000000, 0.01046505, 0.00268638, '2022-12-04 07:43:07', '2022-12-04 07:47:07'),
(718, 54, 3, 2, 76.14000000, 0.01016166, 0.00159233, '2022-12-04 07:43:07', '2022-12-04 07:47:07'),
(719, 54, 4, 2, 78.12000000, 0.01050573, 0.00094552, '2022-12-04 07:43:07', '2022-12-04 07:47:07'),
(720, 54, 5, 2, 79.17000000, 0.01059937, 0.00042397, '2022-12-04 07:43:07', '2022-12-04 07:47:07'),
(721, 55, 1, 2, 77.27000000, 0.01034361, 0.00472393, '2022-12-04 07:43:07', '2022-12-04 07:47:07'),
(722, 55, 2, 2, 71.25000000, 0.00950943, 0.00244107, '2022-12-04 07:43:07', '2022-12-04 07:47:07'),
(723, 55, 3, 2, 77.27000000, 0.01031247, 0.00161596, '2022-12-04 07:43:07', '2022-12-04 07:47:07'),
(724, 55, 4, 2, 71.25000000, 0.00958184, 0.00086237, '2022-12-04 07:43:07', '2022-12-04 07:47:07'),
(725, 55, 5, 2, 68.75000000, 0.00920433, 0.00036817, '2022-12-04 07:43:07', '2022-12-04 07:47:07'),
(726, 56, 1, 2, 86.25000000, 0.01154571, 0.00527292, '2022-12-04 07:43:07', '2022-12-04 07:47:07'),
(727, 56, 2, 2, 82.95000000, 0.01107098, 0.00284192, '2022-12-04 07:43:07', '2022-12-04 07:47:07'),
(728, 56, 3, 2, 81.80000000, 0.01091705, 0.00171070, '2022-12-04 07:43:07', '2022-12-04 07:47:07'),
(729, 56, 4, 2, 83.10000000, 0.01117545, 0.00100579, '2022-12-04 07:43:07', '2022-12-04 07:47:07'),
(730, 56, 5, 2, 78.10000000, 0.01045612, 0.00041824, '2022-12-04 07:43:07', '2022-12-04 07:47:07'),
(731, 57, 1, 2, 75.00000000, 0.01003974, 0.00458515, '2022-12-04 07:43:07', '2022-12-04 07:47:07'),
(732, 57, 2, 2, 80.70000000, 0.01077068, 0.00276483, '2022-12-04 07:43:07', '2022-12-04 07:47:07'),
(733, 57, 3, 2, 79.60000000, 0.01062343, 0.00166469, '2022-12-04 07:43:07', '2022-12-04 07:47:07'),
(734, 57, 4, 2, 82.50000000, 0.01109476, 0.00099853, '2022-12-04 07:43:07', '2022-12-04 07:47:07'),
(735, 57, 5, 2, 81.30000000, 0.01088454, 0.00043538, '2022-12-04 07:43:07', '2022-12-04 07:47:07'),
(736, 58, 1, 2, 82.50000000, 0.01104372, 0.00504367, '2022-12-04 07:43:07', '2022-12-04 07:47:07'),
(737, 58, 2, 2, 81.00000000, 0.01081072, 0.00277511, '2022-12-04 07:43:07', '2022-12-04 07:47:07'),
(738, 58, 3, 2, 81.00000000, 0.01081028, 0.00169397, '2022-12-04 07:43:07', '2022-12-04 07:47:07'),
(739, 58, 4, 2, 81.00000000, 0.01089304, 0.00098037, '2022-12-04 07:43:07', '2022-12-04 07:47:07'),
(740, 58, 5, 2, 81.25000000, 0.01087785, 0.00043511, '2022-12-04 07:43:07', '2022-12-04 07:47:07'),
(741, 59, 1, 2, 80.68000000, 0.01080009, 0.00493240, '2022-12-04 07:43:07', '2022-12-04 07:47:07'),
(742, 59, 2, 2, 81.25000000, 0.01084409, 0.00278368, '2022-12-04 07:43:07', '2022-12-04 07:47:07'),
(743, 59, 3, 2, 77.27000000, 0.01031247, 0.00161596, '2022-12-04 07:43:07', '2022-12-04 07:47:07'),
(744, 59, 4, 2, 71.25000000, 0.00958184, 0.00086237, '2022-12-04 07:43:07', '2022-12-04 07:47:07'),
(745, 59, 5, 2, 77.27000000, 0.01034500, 0.00041380, '2022-12-04 07:43:07', '2022-12-04 07:47:07'),
(746, 60, 1, 2, 81.25000000, 0.01087639, 0.00496725, '2022-12-04 07:43:07', '2022-12-04 07:47:07'),
(747, 60, 2, 2, 80.06000000, 0.01068527, 0.00274291, '2022-12-04 07:43:07', '2022-12-04 07:47:07'),
(748, 60, 3, 2, 80.68000000, 0.01076757, 0.00168728, '2022-12-04 07:43:07', '2022-12-04 07:47:07'),
(749, 60, 4, 2, 81.25000000, 0.01092666, 0.00098340, '2022-12-04 07:43:07', '2022-12-04 07:47:07'),
(750, 60, 5, 2, 84.37000000, 0.01129555, 0.00045182, '2022-12-04 07:43:07', '2022-12-04 07:47:07'),
(751, 61, 1, 2, 80.00000000, 0.01070906, 0.00489083, '2022-12-04 07:43:07', '2022-12-04 07:47:07'),
(752, 61, 2, 2, 80.60000000, 0.01075734, 0.00276141, '2022-12-04 07:43:07', '2022-12-04 07:47:07'),
(753, 61, 3, 2, 79.50000000, 0.01061009, 0.00166260, '2022-12-04 07:43:07', '2022-12-04 07:47:07'),
(754, 61, 4, 2, 78.13000000, 0.01050708, 0.00094564, '2022-12-04 07:43:07', '2022-12-04 07:47:07'),
(755, 61, 5, 2, 78.13000000, 0.01046014, 0.00041841, '2022-12-04 07:43:07', '2022-12-04 07:47:07'),
(756, 62, 1, 2, 80.00000000, 0.01070906, 0.00489083, '2022-12-04 07:43:07', '2022-12-04 07:47:07'),
(757, 62, 2, 2, 82.30000000, 0.01098423, 0.00281965, '2022-12-04 07:43:07', '2022-12-04 07:47:07'),
(758, 62, 3, 2, 87.50000000, 0.01167777, 0.00182991, '2022-12-04 07:43:07', '2022-12-04 07:47:07'),
(759, 62, 4, 2, 78.70000000, 0.01058373, 0.00095254, '2022-12-04 07:43:07', '2022-12-04 07:47:07'),
(760, 62, 5, 2, 83.30000000, 0.01115230, 0.00044609, '2022-12-04 07:43:07', '2022-12-04 07:47:07'),
(761, 63, 1, 2, 76.25000000, 0.01020707, 0.00466157, '2022-12-04 07:43:07', '2022-12-04 07:47:07'),
(762, 63, 2, 2, 82.45000000, 0.01100425, 0.00282479, '2022-12-04 07:43:07', '2022-12-04 07:47:07'),
(763, 63, 3, 2, 80.68000000, 0.01076757, 0.00168728, '2022-12-04 07:43:07', '2022-12-04 07:47:07'),
(764, 63, 4, 2, 81.87000000, 0.01101004, 0.00099090, '2022-12-04 07:43:07', '2022-12-04 07:47:07'),
(765, 63, 5, 2, 81.29000000, 0.01088320, 0.00043533, '2022-12-04 07:43:07', '2022-12-04 07:47:07'),
(766, 64, 1, 2, 77.50000000, 0.01037440, 0.00473799, '2022-12-04 07:43:07', '2022-12-04 07:47:07'),
(767, 64, 2, 2, 78.00000000, 0.01041033, 0.00267233, '2022-12-04 07:43:07', '2022-12-04 07:47:07'),
(768, 64, 3, 2, 80.68000000, 0.01076757, 0.00168728, '2022-12-04 07:43:07', '2022-12-04 07:47:07'),
(769, 64, 4, 2, 72.00000000, 0.00968270, 0.00087144, '2022-12-04 07:43:07', '2022-12-04 07:47:07'),
(770, 64, 5, 2, 82.00000000, 0.01097826, 0.00043913, '2022-12-04 07:43:07', '2022-12-04 07:47:07'),
(771, 65, 1, 2, 77.27000000, 0.01034361, 0.00472393, '2022-12-04 07:43:07', '2022-12-04 07:47:07'),
(772, 65, 2, 2, 71.25000000, 0.00950943, 0.00244107, '2022-12-04 07:43:07', '2022-12-04 07:47:07'),
(773, 65, 3, 2, 75.00000000, 0.01000952, 0.00156849, '2022-12-04 07:43:07', '2022-12-04 07:47:07'),
(774, 65, 4, 2, 77.00000000, 0.01035511, 0.00093196, '2022-12-04 07:43:07', '2022-12-04 07:47:07'),
(775, 65, 5, 2, 81.00000000, 0.01084438, 0.00043378, '2022-12-04 07:43:07', '2022-12-04 07:47:07'),
(776, 66, 1, 2, 82.50000000, 0.01104372, 0.00504367, '2022-12-04 07:43:07', '2022-12-04 07:47:07'),
(777, 66, 2, 2, 84.00000000, 0.01121112, 0.00287789, '2022-12-04 07:43:07', '2022-12-04 07:47:07'),
(778, 66, 3, 2, 83.00000000, 0.01107720, 0.00173580, '2022-12-04 07:43:07', '2022-12-04 07:47:07'),
(779, 66, 4, 2, 81.25000000, 0.01092666, 0.00098340, '2022-12-04 07:43:07', '2022-12-04 07:47:07'),
(780, 66, 5, 2, 83.30000000, 0.01115230, 0.00044609, '2022-12-04 07:43:07', '2022-12-04 07:47:07'),
(781, 67, 1, 2, 75.00000000, 0.01003974, 0.00458515, '2022-12-04 07:43:07', '2022-12-04 07:47:07'),
(782, 67, 2, 2, 81.00000000, 0.01081072, 0.00277511, '2022-12-04 07:43:07', '2022-12-04 07:47:07'),
(783, 67, 3, 2, 77.00000000, 0.01027644, 0.00161032, '2022-12-04 07:43:07', '2022-12-04 07:47:07'),
(784, 67, 4, 2, 81.00000000, 0.01089304, 0.00098037, '2022-12-04 07:43:07', '2022-12-04 07:47:07'),
(785, 67, 5, 2, 76.00000000, 0.01017497, 0.00040700, '2022-12-04 07:43:07', '2022-12-04 07:47:07'),
(786, 68, 1, 2, 82.50000000, 0.01104372, 0.00504367, '2022-12-04 07:43:07', '2022-12-04 07:47:07'),
(787, 68, 2, 2, 75.00000000, 0.01000993, 0.00256955, '2022-12-04 07:43:07', '2022-12-04 07:47:07'),
(788, 68, 3, 2, 77.00000000, 0.01027644, 0.00161032, '2022-12-04 07:43:07', '2022-12-04 07:47:07'),
(789, 68, 4, 2, 77.27000000, 0.01039142, 0.00093523, '2022-12-04 07:43:07', '2022-12-04 07:47:07'),
(790, 68, 5, 2, 71.25000000, 0.00953903, 0.00038156, '2022-12-04 07:43:07', '2022-12-04 07:47:07'),
(791, 69, 1, 2, 82.50000000, 0.01104372, 0.00504367, '2022-12-04 07:43:07', '2022-12-04 07:47:07'),
(792, 69, 2, 2, 82.95000000, 0.01107098, 0.00284192, '2022-12-04 07:43:07', '2022-12-04 07:47:07'),
(793, 69, 3, 2, 80.68000000, 0.01076757, 0.00168728, '2022-12-04 07:43:07', '2022-12-04 07:47:07'),
(794, 69, 4, 2, 81.25000000, 0.01092666, 0.00098340, '2022-12-04 07:43:07', '2022-12-04 07:47:07'),
(795, 69, 5, 2, 82.29000000, 0.01101708, 0.00044068, '2022-12-04 07:43:07', '2022-12-04 07:47:07'),
(796, 70, 1, 2, 82.50000000, 0.01104372, 0.00504367, '2022-12-04 07:43:07', '2022-12-04 07:47:07'),
(797, 70, 2, 2, 81.25000000, 0.01084409, 0.00278368, '2022-12-04 07:43:07', '2022-12-04 07:47:07'),
(798, 70, 3, 2, 80.68000000, 0.01076757, 0.00168728, '2022-12-04 07:43:07', '2022-12-04 07:47:07'),
(799, 70, 4, 2, 81.25000000, 0.01092666, 0.00098340, '2022-12-04 07:43:07', '2022-12-04 07:47:07'),
(800, 70, 5, 2, 81.25000000, 0.01087785, 0.00043511, '2022-12-04 07:43:07', '2022-12-04 07:47:07'),
(801, 71, 1, 2, 79.70000000, 0.01066890, 0.00487249, '2022-12-04 07:43:07', '2022-12-04 07:47:07'),
(802, 71, 2, 2, 80.20000000, 0.01070395, 0.00274770, '2022-12-04 07:43:07', '2022-12-04 07:47:07'),
(803, 71, 3, 2, 82.40000000, 0.01099712, 0.00172325, '2022-12-04 07:43:07', '2022-12-04 07:47:08'),
(804, 71, 4, 2, 81.25000000, 0.01092666, 0.00098340, '2022-12-04 07:43:07', '2022-12-04 07:47:08'),
(805, 71, 5, 2, 79.10000000, 0.01059000, 0.00042360, '2022-12-04 07:43:07', '2022-12-04 07:47:08'),
(806, 72, 1, 2, 76.14000000, 0.01019235, 0.00465485, '2022-12-04 07:43:07', '2022-12-04 07:47:08'),
(807, 72, 2, 2, 78.12000000, 0.01042634, 0.00267644, '2022-12-04 07:43:07', '2022-12-04 07:47:08'),
(808, 72, 3, 2, 82.40000000, 0.01099712, 0.00172325, '2022-12-04 07:43:07', '2022-12-04 07:47:08'),
(809, 72, 4, 2, 75.00000000, 0.01008615, 0.00090775, '2022-12-04 07:43:07', '2022-12-04 07:47:08'),
(810, 72, 5, 2, 77.00000000, 0.01030885, 0.00041235, '2022-12-04 07:43:07', '2022-12-04 07:47:08'),
(811, 73, 1, 2, 79.70000000, 0.01066890, 0.00487249, '2022-12-04 07:43:07', '2022-12-04 07:47:08'),
(812, 73, 2, 2, 87.50000000, 0.01167825, 0.00299781, '2022-12-04 07:43:07', '2022-12-04 07:47:08'),
(813, 73, 3, 2, 81.25000000, 0.01084364, 0.00169920, '2022-12-04 07:43:07', '2022-12-04 07:47:08'),
(814, 73, 4, 2, 76.14000000, 0.01023946, 0.00092155, '2022-12-04 07:43:07', '2022-12-04 07:47:08'),
(815, 73, 5, 2, 78.12000000, 0.01045880, 0.00041835, '2022-12-04 07:43:07', '2022-12-04 07:47:08'),
(816, 74, 1, 2, 80.00000000, 0.01070906, 0.00489083, '2022-12-04 07:43:08', '2022-12-04 07:47:08'),
(817, 74, 2, 2, 83.00000000, 0.01107766, 0.00284363, '2022-12-04 07:43:08', '2022-12-04 07:47:08'),
(818, 74, 3, 2, 80.68000000, 0.01076757, 0.00168728, '2022-12-04 07:43:08', '2022-12-04 07:47:08'),
(819, 74, 4, 2, 81.87000000, 0.01101004, 0.00099090, '2022-12-04 07:43:08', '2022-12-04 07:47:08'),
(820, 74, 5, 2, 82.89000000, 0.01109741, 0.00044390, '2022-12-04 07:43:08', '2022-12-04 07:47:08'),
(821, 75, 1, 2, 80.00000000, 0.01070906, 0.00489083, '2022-12-04 07:43:08', '2022-12-04 07:47:08'),
(822, 75, 2, 2, 82.25000000, 0.01097756, 0.00281794, '2022-12-04 07:43:08', '2022-12-04 07:47:08'),
(823, 75, 3, 2, 81.81000000, 0.01091838, 0.00171091, '2022-12-04 07:43:08', '2022-12-04 07:47:08'),
(824, 75, 4, 2, 81.81000000, 0.01100197, 0.00099018, '2022-12-04 07:43:08', '2022-12-04 07:47:08'),
(825, 75, 5, 2, 80.20000000, 0.01073727, 0.00042949, '2022-12-04 07:43:08', '2022-12-04 07:47:08'),
(826, 76, 1, 2, 71.25000000, 0.00953776, 0.00435589, '2022-12-04 07:43:08', '2022-12-04 07:47:08'),
(827, 76, 2, 2, 75.00000000, 0.01000993, 0.00256955, '2022-12-04 07:43:08', '2022-12-04 07:47:08'),
(828, 76, 3, 2, 70.45000000, 0.00940227, 0.00147334, '2022-12-04 07:43:08', '2022-12-04 07:47:08'),
(829, 76, 4, 2, 73.13000000, 0.00983467, 0.00088512, '2022-12-04 07:43:08', '2022-12-04 07:47:08'),
(830, 76, 5, 2, 75.00000000, 0.01004109, 0.00040164, '2022-12-04 07:43:08', '2022-12-04 07:47:08'),
(831, 77, 1, 2, 80.00000000, 0.01070906, 0.00489083, '2022-12-04 07:43:08', '2022-12-04 07:47:08'),
(832, 77, 2, 2, 82.80000000, 0.01105096, 0.00283678, '2022-12-04 07:43:08', '2022-12-04 07:47:08'),
(833, 77, 3, 2, 87.50000000, 0.01167777, 0.00182991, '2022-12-04 07:43:08', '2022-12-04 07:47:08'),
(834, 77, 4, 2, 81.25000000, 0.01092666, 0.00098340, '2022-12-04 07:43:08', '2022-12-04 07:47:08'),
(835, 77, 5, 2, 82.29000000, 0.01101708, 0.00044068, '2022-12-04 07:43:08', '2022-12-04 07:47:08'),
(836, 78, 1, 2, 80.00000000, 0.01070906, 0.00489083, '2022-12-04 07:43:08', '2022-12-04 07:47:08'),
(837, 78, 2, 2, 75.00000000, 0.01000993, 0.00256955, '2022-12-04 07:43:08', '2022-12-04 07:47:08'),
(838, 78, 3, 2, 77.00000000, 0.01027644, 0.00161032, '2022-12-04 07:43:08', '2022-12-04 07:47:08'),
(839, 78, 4, 2, 76.14000000, 0.01023946, 0.00092155, '2022-12-04 07:43:08', '2022-12-04 07:47:08'),
(840, 78, 5, 2, 78.12000000, 0.01045880, 0.00041835, '2022-12-04 07:43:08', '2022-12-04 07:47:08'),
(841, 79, 1, 2, 82.25000000, 0.01101025, 0.00502838, '2022-12-04 07:43:08', '2022-12-04 07:47:08'),
(842, 79, 2, 2, 82.95000000, 0.01107098, 0.00284192, '2022-12-04 07:43:08', '2022-12-04 07:47:08'),
(843, 79, 3, 2, 82.95000000, 0.01107052, 0.00173475, '2022-12-04 07:43:08', '2022-12-04 07:47:08'),
(844, 79, 4, 2, 83.13000000, 0.01117949, 0.00100615, '2022-12-04 07:43:08', '2022-12-04 07:47:08'),
(845, 79, 5, 2, 81.25000000, 0.01087785, 0.00043511, '2022-12-04 07:43:08', '2022-12-04 07:47:08'),
(846, 80, 1, 2, 82.50000000, 0.01104372, 0.00504367, '2022-12-04 07:43:08', '2022-12-04 07:47:08'),
(847, 80, 2, 2, 84.00000000, 0.01121112, 0.00287789, '2022-12-04 07:43:08', '2022-12-04 07:47:08'),
(848, 80, 3, 2, 83.00000000, 0.01107720, 0.00173580, '2022-12-04 07:43:08', '2022-12-04 07:47:08'),
(849, 80, 4, 2, 81.25000000, 0.01092666, 0.00098340, '2022-12-04 07:43:08', '2022-12-04 07:47:08'),
(850, 80, 5, 2, 83.30000000, 0.01115230, 0.00044609, '2022-12-04 07:43:08', '2022-12-04 07:47:08'),
(851, 81, 1, 2, 85.00000000, 0.01137838, 0.00519650, '2022-12-04 07:43:08', '2022-12-04 07:47:08'),
(852, 81, 2, 2, 85.00000000, 0.01134459, 0.00291216, '2022-12-04 07:43:08', '2022-12-04 07:47:08'),
(853, 81, 3, 2, 82.75000000, 0.01104383, 0.00173057, '2022-12-04 07:43:08', '2022-12-04 07:47:08'),
(854, 81, 4, 2, 85.00000000, 0.01143097, 0.00102879, '2022-12-04 07:43:08', '2022-12-04 07:47:08'),
(855, 81, 5, 2, 83.33000000, 0.01115632, 0.00044625, '2022-12-04 07:43:08', '2022-12-04 07:47:08'),
(856, 82, 1, 2, 80.00000000, 0.01070906, 0.00489083, '2022-12-04 07:43:08', '2022-12-04 07:47:08'),
(857, 82, 2, 2, 78.40000000, 0.01046371, 0.00268604, '2022-12-04 07:43:08', '2022-12-04 07:47:08'),
(858, 82, 3, 2, 78.00000000, 0.01040990, 0.00163123, '2022-12-04 07:43:08', '2022-12-04 07:47:08'),
(859, 82, 4, 2, 77.50000000, 0.01042235, 0.00093801, '2022-12-04 07:43:08', '2022-12-04 07:47:08'),
(860, 82, 5, 2, 78.00000000, 0.01044273, 0.00041771, '2022-12-04 07:43:08', '2022-12-04 07:47:08'),
(861, 83, 1, 2, 80.88000000, 0.01082686, 0.00494463, '2022-12-04 07:43:08', '2022-12-04 07:47:08'),
(862, 83, 2, 2, 80.68000000, 0.01076802, 0.00276415, '2022-12-04 07:43:08', '2022-12-04 07:47:08'),
(863, 83, 3, 2, 80.00000000, 0.01067682, 0.00167306, '2022-12-04 07:43:08', '2022-12-04 07:47:08'),
(864, 83, 4, 2, 76.14000000, 0.01023946, 0.00092155, '2022-12-04 07:43:08', '2022-12-04 07:47:08'),
(865, 83, 5, 2, 78.12000000, 0.01045880, 0.00041835, '2022-12-04 07:43:08', '2022-12-04 07:47:08'),
(866, 84, 1, 2, 81.25000000, 0.01087639, 0.00496725, '2022-12-04 07:43:08', '2022-12-04 07:47:08'),
(867, 84, 2, 2, 84.09000000, 0.01122313, 0.00288098, '2022-12-04 07:43:08', '2022-12-04 07:47:08'),
(868, 84, 3, 2, 84.09000000, 0.01122267, 0.00175859, '2022-12-04 07:43:08', '2022-12-04 07:47:08'),
(869, 84, 4, 2, 83.75000000, 0.01126287, 0.00101366, '2022-12-04 07:43:08', '2022-12-04 07:47:08'),
(870, 84, 5, 2, 83.33000000, 0.01115632, 0.00044625, '2022-12-04 07:43:08', '2022-12-04 07:47:08'),
(871, 85, 1, 2, 81.25000000, 0.01087639, 0.00496725, '2022-12-04 07:43:08', '2022-12-04 07:47:08'),
(872, 85, 2, 2, 84.09000000, 0.01122313, 0.00288098, '2022-12-04 07:43:08', '2022-12-04 07:47:08'),
(873, 85, 3, 2, 80.68000000, 0.01076757, 0.00168728, '2022-12-04 07:43:08', '2022-12-04 07:47:08'),
(874, 85, 4, 2, 81.87000000, 0.01101004, 0.00099090, '2022-12-04 07:43:08', '2022-12-04 07:47:08'),
(875, 85, 5, 2, 82.24000000, 0.01101039, 0.00044042, '2022-12-04 07:43:08', '2022-12-04 07:47:08'),
(876, 86, 1, 2, 78.70000000, 0.01053504, 0.00481135, '2022-12-04 07:43:08', '2022-12-04 07:47:08'),
(877, 86, 2, 2, 82.90000000, 0.01106431, 0.00284021, '2022-12-04 07:43:08', '2022-12-04 07:47:08'),
(878, 86, 3, 2, 78.40000000, 0.01046328, 0.00163960, '2022-12-04 07:43:08', '2022-12-04 07:47:08'),
(879, 86, 4, 2, 81.25000000, 0.01092666, 0.00098340, '2022-12-04 07:43:08', '2022-12-04 07:47:08'),
(880, 86, 5, 2, 80.20000000, 0.01073727, 0.00042949, '2022-12-04 07:43:08', '2022-12-04 07:47:08'),
(881, 87, 1, 2, 80.00000000, 0.01070906, 0.00489083, '2022-12-04 07:43:08', '2022-12-04 07:47:08'),
(882, 87, 2, 2, 81.20000000, 0.01083742, 0.00278197, '2022-12-04 07:43:08', '2022-12-04 07:47:08'),
(883, 87, 3, 2, 82.90000000, 0.01106385, 0.00173371, '2022-12-04 07:43:08', '2022-12-04 07:47:08'),
(884, 87, 4, 2, 81.25000000, 0.01092666, 0.00098340, '2022-12-04 07:43:08', '2022-12-04 07:47:08'),
(885, 87, 5, 2, 83.33000000, 0.01115632, 0.00044625, '2022-12-04 07:43:08', '2022-12-04 07:47:08'),
(886, 88, 1, 2, 82.50000000, 0.01104372, 0.00504367, '2022-12-04 07:43:08', '2022-12-04 07:47:08'),
(887, 88, 2, 2, 81.00000000, 0.01081072, 0.00277511, '2022-12-04 07:43:08', '2022-12-04 07:47:08'),
(888, 88, 3, 2, 82.90000000, 0.01106385, 0.00173371, '2022-12-04 07:43:08', '2022-12-04 07:47:08'),
(889, 88, 4, 2, 84.30000000, 0.01133683, 0.00102031, '2022-12-04 07:43:08', '2022-12-04 07:47:08'),
(890, 88, 5, 2, 81.33000000, 0.01088856, 0.00043554, '2022-12-04 07:43:08', '2022-12-04 07:47:08'),
(891, 89, 1, 2, 72.50000000, 0.00970509, 0.00443231, '2022-12-04 07:43:08', '2022-12-04 07:47:08'),
(892, 89, 2, 2, 78.00000000, 0.01041033, 0.00267233, '2022-12-04 07:43:08', '2022-12-04 07:47:08'),
(893, 89, 3, 2, 77.00000000, 0.01027644, 0.00161032, '2022-12-04 07:43:08', '2022-12-04 07:47:08'),
(894, 89, 4, 2, 78.00000000, 0.01048960, 0.00094406, '2022-12-04 07:43:08', '2022-12-04 07:47:08'),
(895, 89, 5, 2, 74.00000000, 0.00990721, 0.00039629, '2022-12-04 07:43:08', '2022-12-04 07:47:08'),
(896, 90, 1, 2, 77.00000000, 0.01030747, 0.00470742, '2022-12-04 07:43:08', '2022-12-04 07:47:08'),
(897, 90, 2, 2, 74.00000000, 0.00987646, 0.00253529, '2022-12-04 07:43:08', '2022-12-04 07:47:08'),
(898, 90, 3, 2, 79.00000000, 0.01054336, 0.00165214, '2022-12-04 07:43:08', '2022-12-04 07:47:08'),
(899, 90, 4, 2, 79.00000000, 0.01062408, 0.00095617, '2022-12-04 07:43:08', '2022-12-04 07:47:08'),
(900, 90, 5, 2, 78.00000000, 0.01044273, 0.00041771, '2022-12-04 07:43:08', '2022-12-04 07:47:08'),
(901, 91, 1, 2, 83.00000000, 0.01111065, 0.00507423, '2022-12-04 07:43:08', '2022-12-04 07:47:08'),
(902, 91, 2, 2, 75.00000000, 0.01000993, 0.00256955, '2022-12-04 07:43:08', '2022-12-04 07:47:08'),
(903, 91, 3, 2, 77.00000000, 0.01027644, 0.00161032, '2022-12-04 07:43:08', '2022-12-04 07:47:08'),
(904, 91, 4, 2, 85.00000000, 0.01143097, 0.00102879, '2022-12-04 07:43:08', '2022-12-04 07:47:08'),
(905, 91, 5, 2, 77.00000000, 0.01030885, 0.00041235, '2022-12-04 07:43:08', '2022-12-04 07:47:08'),
(906, 92, 1, 2, 83.00000000, 0.01111065, 0.00507423, '2022-12-04 07:43:08', '2022-12-04 07:47:08'),
(907, 92, 2, 2, 76.14000000, 0.01016208, 0.00260861, '2022-12-04 07:43:08', '2022-12-04 07:47:08'),
(908, 92, 3, 2, 78.12000000, 0.01042591, 0.00163374, '2022-12-04 07:43:08', '2022-12-04 07:47:08'),
(909, 92, 4, 2, 79.00000000, 0.01062408, 0.00095617, '2022-12-04 07:43:08', '2022-12-04 07:47:08'),
(910, 92, 5, 2, 77.27000000, 0.01034500, 0.00041380, '2022-12-04 07:43:08', '2022-12-04 07:47:08'),
(911, 2, 1, 3, 83.00000000, NULL, NULL, '2022-12-04 07:47:30', '2022-12-04 07:47:30'),
(912, 2, 2, 3, 78.70000000, NULL, NULL, '2022-12-04 07:47:30', '2022-12-04 07:47:30'),
(913, 2, 3, 3, 84.09000000, NULL, NULL, '2022-12-04 07:47:30', '2022-12-04 07:47:30'),
(914, 2, 4, 3, 81.00000000, NULL, NULL, '2022-12-04 07:47:30', '2022-12-04 07:47:30'),
(915, 2, 5, 3, 78.70000000, NULL, NULL, '2022-12-04 07:47:30', '2022-12-04 07:47:30'),
(916, 3, 1, 3, 70.63000000, NULL, NULL, '2022-12-04 07:47:30', '2022-12-04 07:47:30'),
(917, 3, 2, 3, 82.29000000, NULL, NULL, '2022-12-04 07:47:30', '2022-12-04 07:47:30'),
(918, 3, 3, 3, 85.22000000, NULL, NULL, '2022-12-04 07:47:30', '2022-12-04 07:47:30'),
(919, 3, 4, 3, 78.70000000, NULL, NULL, '2022-12-04 07:47:30', '2022-12-04 07:47:30'),
(920, 3, 5, 3, 85.40000000, NULL, NULL, '2022-12-04 07:47:30', '2022-12-04 07:47:30'),
(921, 4, 1, 3, 70.63000000, NULL, NULL, '2022-12-04 07:47:30', '2022-12-04 07:47:30'),
(922, 4, 2, 3, 83.00000000, NULL, NULL, '2022-12-04 07:47:30', '2022-12-04 07:47:30'),
(923, 4, 3, 3, 78.70000000, NULL, NULL, '2022-12-04 07:47:30', '2022-12-04 07:47:30'),
(924, 4, 4, 3, 83.75000000, NULL, NULL, '2022-12-04 07:47:30', '2022-12-04 07:47:30'),
(925, 4, 5, 3, 82.29000000, NULL, NULL, '2022-12-04 07:47:30', '2022-12-04 07:47:30'),
(926, 5, 1, 3, 78.70000000, NULL, NULL, '2022-12-04 07:47:30', '2022-12-04 07:47:30'),
(927, 5, 2, 3, 84.00000000, NULL, NULL, '2022-12-04 07:47:30', '2022-12-04 07:47:30'),
(928, 5, 3, 3, 84.00000000, NULL, NULL, '2022-12-04 07:47:30', '2022-12-04 07:47:30'),
(929, 5, 4, 3, 78.70000000, NULL, NULL, '2022-12-04 07:47:30', '2022-12-04 07:47:30'),
(930, 5, 5, 3, 83.00000000, NULL, NULL, '2022-12-04 07:47:30', '2022-12-04 07:47:30'),
(931, 6, 1, 3, 83.00000000, NULL, NULL, '2022-12-04 07:47:30', '2022-12-04 07:47:30'),
(932, 6, 2, 3, 82.29000000, NULL, NULL, '2022-12-04 07:47:30', '2022-12-04 07:47:30'),
(933, 6, 3, 3, 83.00000000, NULL, NULL, '2022-12-04 07:47:30', '2022-12-04 07:47:30'),
(934, 6, 4, 3, 82.24000000, NULL, NULL, '2022-12-04 07:47:30', '2022-12-04 07:47:30'),
(935, 6, 5, 3, 82.00000000, NULL, NULL, '2022-12-04 07:47:30', '2022-12-04 07:47:30'),
(936, 7, 1, 3, 78.70000000, NULL, NULL, '2022-12-04 07:47:30', '2022-12-04 07:47:30'),
(937, 7, 2, 3, 81.81000000, NULL, NULL, '2022-12-04 07:47:30', '2022-12-04 07:47:30'),
(938, 7, 3, 3, 79.54000000, NULL, NULL, '2022-12-04 07:47:30', '2022-12-04 07:47:30'),
(939, 7, 4, 3, 70.63000000, NULL, NULL, '2022-12-04 07:47:30', '2022-12-04 07:47:30'),
(940, 7, 5, 3, 82.29000000, NULL, NULL, '2022-12-04 07:47:30', '2022-12-04 07:47:30'),
(941, 8, 1, 3, 85.29000000, NULL, NULL, '2022-12-04 07:47:30', '2022-12-04 07:47:30'),
(942, 8, 2, 3, 86.36000000, NULL, NULL, '2022-12-04 07:47:30', '2022-12-04 07:47:30'),
(943, 8, 3, 3, 85.00000000, NULL, NULL, '2022-12-04 07:47:30', '2022-12-04 07:47:30'),
(944, 8, 4, 3, 81.00000000, NULL, NULL, '2022-12-04 07:47:30', '2022-12-04 07:47:30'),
(945, 8, 5, 3, 80.00000000, NULL, NULL, '2022-12-04 07:47:30', '2022-12-04 07:47:30'),
(946, 9, 1, 3, 83.00000000, NULL, NULL, '2022-12-04 07:47:30', '2022-12-04 07:47:30'),
(947, 9, 2, 3, 82.24000000, NULL, NULL, '2022-12-04 07:47:30', '2022-12-04 07:47:30'),
(948, 9, 3, 3, 69.00000000, NULL, NULL, '2022-12-04 07:47:30', '2022-12-04 07:47:30'),
(949, 9, 4, 3, 83.00000000, NULL, NULL, '2022-12-04 07:47:30', '2022-12-04 07:47:30'),
(950, 9, 5, 3, 83.00000000, NULL, NULL, '2022-12-04 07:47:30', '2022-12-04 07:47:30'),
(951, 10, 1, 3, 78.70000000, NULL, NULL, '2022-12-04 07:47:30', '2022-12-04 07:47:30'),
(952, 10, 2, 3, 83.00000000, NULL, NULL, '2022-12-04 07:47:30', '2022-12-04 07:47:30'),
(953, 10, 3, 3, 80.68000000, NULL, NULL, '2022-12-04 07:47:30', '2022-12-04 07:47:30'),
(954, 10, 4, 3, 81.25000000, NULL, NULL, '2022-12-04 07:47:30', '2022-12-04 07:47:30'),
(955, 10, 5, 3, 81.25000000, NULL, NULL, '2022-12-04 07:47:30', '2022-12-04 07:47:30'),
(956, 11, 1, 3, 83.00000000, NULL, NULL, '2022-12-04 07:47:30', '2022-12-04 07:47:30'),
(957, 11, 2, 3, 78.70000000, NULL, NULL, '2022-12-04 07:47:30', '2022-12-04 07:47:30'),
(958, 11, 3, 3, 82.29000000, NULL, NULL, '2022-12-04 07:47:30', '2022-12-04 07:47:30'),
(959, 11, 4, 3, 81.25000000, NULL, NULL, '2022-12-04 07:47:30', '2022-12-04 07:47:30'),
(960, 11, 5, 3, 70.63000000, NULL, NULL, '2022-12-04 07:47:30', '2022-12-04 07:47:30'),
(961, 12, 1, 3, 78.70000000, NULL, NULL, '2022-12-04 07:47:30', '2022-12-04 07:47:30'),
(962, 12, 2, 3, 82.95000000, NULL, NULL, '2022-12-04 07:47:30', '2022-12-04 07:47:30'),
(963, 12, 3, 3, 83.00000000, NULL, NULL, '2022-12-04 07:47:30', '2022-12-04 07:47:30'),
(964, 12, 4, 3, 81.81000000, NULL, NULL, '2022-12-04 07:47:30', '2022-12-04 07:47:30'),
(965, 12, 5, 3, 78.70000000, NULL, NULL, '2022-12-04 07:47:30', '2022-12-04 07:47:30'),
(966, 13, 1, 3, 83.33000000, NULL, NULL, '2022-12-04 07:47:30', '2022-12-04 07:47:30'),
(967, 13, 2, 3, 85.23000000, NULL, NULL, '2022-12-04 07:47:30', '2022-12-04 07:47:30'),
(968, 13, 3, 3, 83.00000000, NULL, NULL, '2022-12-04 07:47:30', '2022-12-04 07:47:30'),
(969, 13, 4, 3, 82.50000000, NULL, NULL, '2022-12-04 07:47:30', '2022-12-04 07:47:30'),
(970, 13, 5, 3, 78.70000000, NULL, NULL, '2022-12-04 07:47:30', '2022-12-04 07:47:30'),
(971, 14, 1, 3, 82.50000000, NULL, NULL, '2022-12-04 07:47:30', '2022-12-04 07:47:30'),
(972, 14, 2, 3, 81.00000000, NULL, NULL, '2022-12-04 07:47:30', '2022-12-04 07:47:30'),
(973, 14, 3, 3, 83.00000000, NULL, NULL, '2022-12-04 07:47:30', '2022-12-04 07:47:30'),
(974, 14, 4, 3, 70.63000000, NULL, NULL, '2022-12-04 07:47:30', '2022-12-04 07:47:30'),
(975, 14, 5, 3, 72.00000000, NULL, NULL, '2022-12-04 07:47:30', '2022-12-04 07:47:30'),
(976, 15, 1, 3, 81.84000000, NULL, NULL, '2022-12-04 07:47:30', '2022-12-04 07:47:30'),
(977, 15, 2, 3, 81.81000000, NULL, NULL, '2022-12-04 07:47:30', '2022-12-04 07:47:30'),
(978, 15, 3, 3, 78.70000000, NULL, NULL, '2022-12-04 07:47:30', '2022-12-04 07:47:30'),
(979, 15, 4, 3, 70.63000000, NULL, NULL, '2022-12-04 07:47:30', '2022-12-04 07:47:30'),
(980, 15, 5, 3, 79.16000000, NULL, NULL, '2022-12-04 07:47:30', '2022-12-04 07:47:30'),
(981, 16, 1, 3, 71.00000000, NULL, NULL, '2022-12-04 07:47:30', '2022-12-04 07:47:30'),
(982, 16, 2, 3, 83.00000000, NULL, NULL, '2022-12-04 07:47:30', '2022-12-04 07:47:30'),
(983, 16, 3, 3, 81.25000000, NULL, NULL, '2022-12-04 07:47:30', '2022-12-04 07:47:30'),
(984, 16, 4, 3, 70.63000000, NULL, NULL, '2022-12-04 07:47:30', '2022-12-04 07:47:30'),
(985, 16, 5, 3, 80.68000000, NULL, NULL, '2022-12-04 07:47:30', '2022-12-04 07:47:30'),
(986, 17, 1, 3, 78.70000000, NULL, NULL, '2022-12-04 07:47:30', '2022-12-04 07:47:30'),
(987, 17, 2, 3, 82.96000000, NULL, NULL, '2022-12-04 07:47:30', '2022-12-04 07:47:30'),
(988, 17, 3, 3, 70.63000000, NULL, NULL, '2022-12-04 07:47:30', '2022-12-04 07:47:30'),
(989, 17, 4, 3, 72.00000000, NULL, NULL, '2022-12-04 07:47:30', '2022-12-04 07:47:30'),
(990, 17, 5, 3, 78.70000000, NULL, NULL, '2022-12-04 07:47:30', '2022-12-04 07:47:30'),
(991, 18, 1, 3, 80.00000000, NULL, NULL, '2022-12-04 07:47:30', '2022-12-04 07:47:30'),
(992, 18, 2, 3, 70.63000000, NULL, NULL, '2022-12-04 07:47:30', '2022-12-04 07:47:30'),
(993, 18, 3, 3, 70.63000000, NULL, NULL, '2022-12-04 07:47:30', '2022-12-04 07:47:30'),
(994, 18, 4, 3, 81.00000000, NULL, NULL, '2022-12-04 07:47:30', '2022-12-04 07:47:30'),
(995, 18, 5, 3, 70.63000000, NULL, NULL, '2022-12-04 07:47:30', '2022-12-04 07:47:30'),
(996, 19, 1, 3, 82.50000000, NULL, NULL, '2022-12-04 07:47:30', '2022-12-04 07:47:30'),
(997, 19, 2, 3, 81.00000000, NULL, NULL, '2022-12-04 07:47:30', '2022-12-04 07:47:30'),
(998, 19, 3, 3, 70.63000000, NULL, NULL, '2022-12-04 07:47:30', '2022-12-04 07:47:30'),
(999, 19, 4, 3, 81.81000000, NULL, NULL, '2022-12-04 07:47:30', '2022-12-04 07:47:30'),
(1000, 19, 5, 3, 80.00000000, NULL, NULL, '2022-12-04 07:47:30', '2022-12-04 07:47:30'),
(1001, 20, 1, 3, 78.70000000, NULL, NULL, '2022-12-04 07:47:30', '2022-12-04 07:47:30'),
(1002, 20, 2, 3, 72.00000000, NULL, NULL, '2022-12-04 07:47:30', '2022-12-04 07:47:30'),
(1003, 20, 3, 3, 81.00000000, NULL, NULL, '2022-12-04 07:47:30', '2022-12-04 07:47:30'),
(1004, 20, 4, 3, 72.00000000, NULL, NULL, '2022-12-04 07:47:30', '2022-12-04 07:47:30'),
(1005, 20, 5, 3, 81.25000000, NULL, NULL, '2022-12-04 07:47:30', '2022-12-04 07:47:30'),
(1006, 21, 1, 3, 81.00000000, NULL, NULL, '2022-12-04 07:47:30', '2022-12-04 07:47:30'),
(1007, 21, 2, 3, 78.70000000, NULL, NULL, '2022-12-04 07:47:30', '2022-12-04 07:47:30'),
(1008, 21, 3, 3, 81.00000000, NULL, NULL, '2022-12-04 07:47:30', '2022-12-04 07:47:30'),
(1009, 21, 4, 3, 74.00000000, NULL, NULL, '2022-12-04 07:47:30', '2022-12-04 07:47:30'),
(1010, 21, 5, 3, 81.00000000, NULL, NULL, '2022-12-04 07:47:30', '2022-12-04 07:47:30'),
(1011, 22, 1, 3, 83.33000000, NULL, NULL, '2022-12-04 07:47:30', '2022-12-04 07:47:30'),
(1012, 22, 2, 3, 82.29000000, NULL, NULL, '2022-12-04 07:47:30', '2022-12-04 07:47:30'),
(1013, 22, 3, 3, 70.63000000, NULL, NULL, '2022-12-04 07:47:30', '2022-12-04 07:47:30'),
(1014, 22, 4, 3, 69.00000000, NULL, NULL, '2022-12-04 07:47:30', '2022-12-04 07:47:30'),
(1015, 22, 5, 3, 82.29000000, NULL, NULL, '2022-12-04 07:47:30', '2022-12-04 07:47:30'),
(1016, 23, 1, 3, 80.68000000, NULL, NULL, '2022-12-04 07:47:30', '2022-12-04 07:47:30'),
(1017, 23, 2, 3, 70.63000000, NULL, NULL, '2022-12-04 07:47:30', '2022-12-04 07:47:30'),
(1018, 23, 3, 3, 77.27000000, NULL, NULL, '2022-12-04 07:47:30', '2022-12-04 07:47:30'),
(1019, 23, 4, 3, 83.00000000, NULL, NULL, '2022-12-04 07:47:30', '2022-12-04 07:47:30'),
(1020, 23, 5, 3, 78.13000000, NULL, NULL, '2022-12-04 07:47:30', '2022-12-04 07:47:30'),
(1021, 24, 1, 3, 85.00000000, NULL, NULL, '2022-12-04 07:47:30', '2022-12-04 07:47:30'),
(1022, 24, 2, 3, 81.00000000, NULL, NULL, '2022-12-04 07:47:30', '2022-12-04 07:47:30'),
(1023, 24, 3, 3, 77.00000000, NULL, NULL, '2022-12-04 07:47:30', '2022-12-04 07:47:30'),
(1024, 24, 4, 3, 82.29000000, NULL, NULL, '2022-12-04 07:47:30', '2022-12-04 07:47:30'),
(1025, 24, 5, 3, 70.63000000, NULL, NULL, '2022-12-04 07:47:30', '2022-12-04 07:47:30'),
(1026, 25, 1, 3, 82.50000000, NULL, NULL, '2022-12-04 07:47:30', '2022-12-04 07:47:30'),
(1027, 25, 2, 3, 87.50000000, NULL, NULL, '2022-12-04 07:47:30', '2022-12-04 07:47:30'),
(1028, 25, 3, 3, 83.00000000, NULL, NULL, '2022-12-04 07:47:30', '2022-12-04 07:47:30'),
(1029, 25, 4, 3, 81.00000000, NULL, NULL, '2022-12-04 07:47:30', '2022-12-04 07:47:30'),
(1030, 25, 5, 3, 85.41000000, NULL, NULL, '2022-12-04 07:47:30', '2022-12-04 07:47:30'),
(1031, 26, 1, 3, 70.63000000, NULL, NULL, '2022-12-04 07:47:30', '2022-12-04 07:47:30'),
(1032, 26, 2, 3, 70.63000000, NULL, NULL, '2022-12-04 07:47:30', '2022-12-04 07:47:30'),
(1033, 26, 3, 3, 70.63000000, NULL, NULL, '2022-12-04 07:47:30', '2022-12-04 07:47:30');
INSERT INTO `nilai` (`id`, `id_guru`, `id_kriteria`, `id_periode`, `nilai`, `normalisasi_kriteria`, `normalisasi_bobot`, `created_at`, `updated_at`) VALUES
(1034, 26, 4, 3, 81.81000000, NULL, NULL, '2022-12-04 07:47:30', '2022-12-04 07:47:30'),
(1035, 26, 5, 3, 70.63000000, NULL, NULL, '2022-12-04 07:47:30', '2022-12-04 07:47:30'),
(1036, 27, 1, 3, 83.00000000, NULL, NULL, '2022-12-04 07:47:30', '2022-12-04 07:47:30'),
(1037, 27, 2, 3, 81.81000000, NULL, NULL, '2022-12-04 07:47:30', '2022-12-04 07:47:30'),
(1038, 27, 3, 3, 70.63000000, NULL, NULL, '2022-12-04 07:47:30', '2022-12-04 07:47:30'),
(1039, 27, 4, 3, 81.25000000, NULL, NULL, '2022-12-04 07:47:30', '2022-12-04 07:47:30'),
(1040, 27, 5, 3, 82.29000000, NULL, NULL, '2022-12-04 07:47:30', '2022-12-04 07:47:30'),
(1041, 28, 1, 3, 80.00000000, NULL, NULL, '2022-12-04 07:47:30', '2022-12-04 07:47:30'),
(1042, 28, 2, 3, 81.80000000, NULL, NULL, '2022-12-04 07:47:30', '2022-12-04 07:47:30'),
(1043, 28, 3, 3, 78.70000000, NULL, NULL, '2022-12-04 07:47:30', '2022-12-04 07:47:30'),
(1044, 28, 4, 3, 84.00000000, NULL, NULL, '2022-12-04 07:47:30', '2022-12-04 07:47:30'),
(1045, 28, 5, 3, 78.70000000, NULL, NULL, '2022-12-04 07:47:30', '2022-12-04 07:47:30'),
(1046, 29, 1, 3, 70.63000000, NULL, NULL, '2022-12-04 07:47:30', '2022-12-04 07:47:30'),
(1047, 29, 2, 3, 81.81000000, NULL, NULL, '2022-12-04 07:47:30', '2022-12-04 07:47:30'),
(1048, 29, 3, 3, 81.00000000, NULL, NULL, '2022-12-04 07:47:30', '2022-12-04 07:47:30'),
(1049, 29, 4, 3, 78.70000000, NULL, NULL, '2022-12-04 07:47:30', '2022-12-04 07:47:30'),
(1050, 29, 5, 3, 81.00000000, NULL, NULL, '2022-12-04 07:47:30', '2022-12-04 07:47:30'),
(1051, 30, 1, 3, 78.70000000, NULL, NULL, '2022-12-04 07:47:30', '2022-12-04 07:47:30'),
(1052, 30, 2, 3, 79.50000000, NULL, NULL, '2022-12-04 07:47:30', '2022-12-04 07:47:30'),
(1053, 30, 3, 3, 80.68000000, NULL, NULL, '2022-12-04 07:47:30', '2022-12-04 07:47:30'),
(1054, 30, 4, 3, 70.63000000, NULL, NULL, '2022-12-04 07:47:30', '2022-12-04 07:47:30'),
(1055, 30, 5, 3, 72.00000000, NULL, NULL, '2022-12-04 07:47:30', '2022-12-04 07:47:30'),
(1056, 31, 1, 3, 70.63000000, NULL, NULL, '2022-12-04 07:47:30', '2022-12-04 07:47:30'),
(1057, 31, 2, 3, 83.00000000, NULL, NULL, '2022-12-04 07:47:30', '2022-12-04 07:47:30'),
(1058, 31, 3, 3, 78.70000000, NULL, NULL, '2022-12-04 07:47:30', '2022-12-04 07:47:30'),
(1059, 31, 4, 3, 81.25000000, NULL, NULL, '2022-12-04 07:47:30', '2022-12-04 07:47:30'),
(1060, 31, 5, 3, 95.83000000, NULL, NULL, '2022-12-04 07:47:30', '2022-12-04 07:47:30'),
(1061, 32, 1, 3, 81.00000000, NULL, NULL, '2022-12-04 07:47:30', '2022-12-04 07:47:30'),
(1062, 32, 2, 3, 78.70000000, NULL, NULL, '2022-12-04 07:47:30', '2022-12-04 07:47:30'),
(1063, 32, 3, 3, 80.68000000, NULL, NULL, '2022-12-04 07:47:30', '2022-12-04 07:47:30'),
(1064, 32, 4, 3, 72.00000000, NULL, NULL, '2022-12-04 07:47:30', '2022-12-04 07:47:30'),
(1065, 32, 5, 3, 82.29000000, NULL, NULL, '2022-12-04 07:47:30', '2022-12-04 07:47:30'),
(1066, 33, 1, 3, 82.50000000, NULL, NULL, '2022-12-04 07:47:30', '2022-12-04 07:47:30'),
(1067, 33, 2, 3, 70.63000000, NULL, NULL, '2022-12-04 07:47:30', '2022-12-04 07:47:30'),
(1068, 33, 3, 3, 81.81000000, NULL, NULL, '2022-12-04 07:47:30', '2022-12-04 07:47:30'),
(1069, 33, 4, 3, 81.25000000, NULL, NULL, '2022-12-04 07:47:30', '2022-12-04 07:47:30'),
(1070, 33, 5, 3, 83.29000000, NULL, NULL, '2022-12-04 07:47:30', '2022-12-04 07:47:30'),
(1071, 34, 1, 3, 80.00000000, NULL, NULL, '2022-12-04 07:47:30', '2022-12-04 07:47:30'),
(1072, 34, 2, 3, 81.00000000, NULL, NULL, '2022-12-04 07:47:30', '2022-12-04 07:47:30'),
(1073, 34, 3, 3, 72.00000000, NULL, NULL, '2022-12-04 07:47:30', '2022-12-04 07:47:30'),
(1074, 34, 4, 3, 81.25000000, NULL, NULL, '2022-12-04 07:47:30', '2022-12-04 07:47:30'),
(1075, 34, 5, 3, 78.70000000, NULL, NULL, '2022-12-04 07:47:30', '2022-12-04 07:47:30'),
(1076, 35, 1, 3, 78.70000000, NULL, NULL, '2022-12-04 07:47:30', '2022-12-04 07:47:30'),
(1077, 35, 2, 3, 81.00000000, NULL, NULL, '2022-12-04 07:47:30', '2022-12-04 07:47:30'),
(1078, 35, 3, 3, 83.00000000, NULL, NULL, '2022-12-04 07:47:30', '2022-12-04 07:47:30'),
(1079, 35, 4, 3, 81.81000000, NULL, NULL, '2022-12-04 07:47:30', '2022-12-04 07:47:30'),
(1080, 35, 5, 3, 81.81000000, NULL, NULL, '2022-12-04 07:47:30', '2022-12-04 07:47:30'),
(1081, 36, 1, 3, 78.70000000, NULL, NULL, '2022-12-04 07:47:30', '2022-12-04 07:47:30'),
(1082, 36, 2, 3, 70.63000000, NULL, NULL, '2022-12-04 07:47:30', '2022-12-04 07:47:30'),
(1083, 36, 3, 3, 78.70000000, NULL, NULL, '2022-12-04 07:47:30', '2022-12-04 07:47:30'),
(1084, 36, 4, 3, 81.81000000, NULL, NULL, '2022-12-04 07:47:30', '2022-12-04 07:47:30'),
(1085, 36, 5, 3, 81.81000000, NULL, NULL, '2022-12-04 07:47:30', '2022-12-04 07:47:30'),
(1086, 37, 1, 3, 83.75000000, NULL, NULL, '2022-12-04 07:47:30', '2022-12-04 07:47:30'),
(1087, 37, 2, 3, 83.00000000, NULL, NULL, '2022-12-04 07:47:30', '2022-12-04 07:47:30'),
(1088, 37, 3, 3, 84.09000000, NULL, NULL, '2022-12-04 07:47:30', '2022-12-04 07:47:30'),
(1089, 37, 4, 3, 82.29000000, NULL, NULL, '2022-12-04 07:47:30', '2022-12-04 07:47:30'),
(1090, 37, 5, 3, 81.25000000, NULL, NULL, '2022-12-04 07:47:30', '2022-12-04 07:47:30'),
(1091, 38, 1, 3, 80.68000000, NULL, NULL, '2022-12-04 07:47:30', '2022-12-04 07:47:30'),
(1092, 38, 2, 3, 70.63000000, NULL, NULL, '2022-12-04 07:47:30', '2022-12-04 07:47:30'),
(1093, 38, 3, 3, 79.00000000, NULL, NULL, '2022-12-04 07:47:30', '2022-12-04 07:47:30'),
(1094, 38, 4, 3, 70.63000000, NULL, NULL, '2022-12-04 07:47:30', '2022-12-04 07:47:30'),
(1095, 38, 5, 3, 81.00000000, NULL, NULL, '2022-12-04 07:47:30', '2022-12-04 07:47:30'),
(1096, 39, 1, 3, 87.50000000, NULL, NULL, '2022-12-04 07:47:30', '2022-12-04 07:47:30'),
(1097, 39, 2, 3, 82.29000000, NULL, NULL, '2022-12-04 07:47:30', '2022-12-04 07:47:30'),
(1098, 39, 3, 3, 85.22000000, NULL, NULL, '2022-12-04 07:47:30', '2022-12-04 07:47:30'),
(1099, 39, 4, 3, 72.00000000, NULL, NULL, '2022-12-04 07:47:30', '2022-12-04 07:47:30'),
(1100, 39, 5, 3, 85.40000000, NULL, NULL, '2022-12-04 07:47:30', '2022-12-04 07:47:30'),
(1101, 40, 1, 3, 82.50000000, NULL, NULL, '2022-12-04 07:47:30', '2022-12-04 07:47:30'),
(1102, 40, 2, 3, 82.29000000, NULL, NULL, '2022-12-04 07:47:30', '2022-12-04 07:47:30'),
(1103, 40, 3, 3, 81.81000000, NULL, NULL, '2022-12-04 07:47:30', '2022-12-04 07:47:30'),
(1104, 40, 4, 3, 81.00000000, NULL, NULL, '2022-12-04 07:47:30', '2022-12-04 07:47:30'),
(1105, 40, 5, 3, 81.00000000, NULL, NULL, '2022-12-04 07:47:30', '2022-12-04 07:47:30'),
(1106, 41, 1, 3, 81.25000000, NULL, NULL, '2022-12-04 07:47:30', '2022-12-04 07:47:30'),
(1107, 41, 2, 3, 82.95000000, NULL, NULL, '2022-12-04 07:47:30', '2022-12-04 07:47:30'),
(1108, 41, 3, 3, 81.81000000, NULL, NULL, '2022-12-04 07:47:31', '2022-12-04 07:47:31'),
(1109, 41, 4, 3, 84.38000000, NULL, NULL, '2022-12-04 07:47:31', '2022-12-04 07:47:31'),
(1110, 41, 5, 3, 70.63000000, NULL, NULL, '2022-12-04 07:47:31', '2022-12-04 07:47:31'),
(1111, 42, 1, 3, 78.75000000, NULL, NULL, '2022-12-04 07:47:31', '2022-12-04 07:47:31'),
(1112, 42, 2, 3, 80.68000000, NULL, NULL, '2022-12-04 07:47:31', '2022-12-04 07:47:31'),
(1113, 42, 3, 3, 83.00000000, NULL, NULL, '2022-12-04 07:47:31', '2022-12-04 07:47:31'),
(1114, 42, 4, 3, 69.00000000, NULL, NULL, '2022-12-04 07:47:31', '2022-12-04 07:47:31'),
(1115, 42, 5, 3, 78.13000000, NULL, NULL, '2022-12-04 07:47:31', '2022-12-04 07:47:31'),
(1116, 43, 1, 3, 83.75000000, NULL, NULL, '2022-12-04 07:47:31', '2022-12-04 07:47:31'),
(1117, 43, 2, 3, 70.63000000, NULL, NULL, '2022-12-04 07:47:31', '2022-12-04 07:47:31'),
(1118, 43, 3, 3, 82.24000000, NULL, NULL, '2022-12-04 07:47:31', '2022-12-04 07:47:31'),
(1119, 43, 4, 3, 83.75000000, NULL, NULL, '2022-12-04 07:47:31', '2022-12-04 07:47:31'),
(1120, 43, 5, 3, 83.33000000, NULL, NULL, '2022-12-04 07:47:31', '2022-12-04 07:47:31'),
(1121, 44, 1, 3, 81.25000000, NULL, NULL, '2022-12-04 07:47:31', '2022-12-04 07:47:31'),
(1122, 44, 2, 3, 72.00000000, NULL, NULL, '2022-12-04 07:47:31', '2022-12-04 07:47:31'),
(1123, 44, 3, 3, 78.70000000, NULL, NULL, '2022-12-04 07:47:31', '2022-12-04 07:47:31'),
(1124, 44, 4, 3, 81.89000000, NULL, NULL, '2022-12-04 07:47:31', '2022-12-04 07:47:31'),
(1125, 44, 5, 3, 78.70000000, NULL, NULL, '2022-12-04 07:47:31', '2022-12-04 07:47:31'),
(1126, 45, 1, 3, 78.70000000, NULL, NULL, '2022-12-04 07:47:31', '2022-12-04 07:47:31'),
(1127, 45, 2, 3, 72.00000000, NULL, NULL, '2022-12-04 07:47:31', '2022-12-04 07:47:31'),
(1128, 45, 3, 3, 78.70000000, NULL, NULL, '2022-12-04 07:47:31', '2022-12-04 07:47:31'),
(1129, 45, 4, 3, 77.00000000, NULL, NULL, '2022-12-04 07:47:31', '2022-12-04 07:47:31'),
(1130, 45, 5, 3, 72.00000000, NULL, NULL, '2022-12-04 07:47:31', '2022-12-04 07:47:31'),
(1131, 46, 1, 3, 78.70000000, NULL, NULL, '2022-12-04 07:47:31', '2022-12-04 07:47:31'),
(1132, 46, 2, 3, 95.45000000, NULL, NULL, '2022-12-04 07:47:31', '2022-12-04 07:47:31'),
(1133, 46, 3, 3, 72.00000000, NULL, NULL, '2022-12-04 07:47:31', '2022-12-04 07:47:31'),
(1134, 46, 4, 3, 83.00000000, NULL, NULL, '2022-12-04 07:47:31', '2022-12-04 07:47:31'),
(1135, 46, 5, 3, 93.75000000, NULL, NULL, '2022-12-04 07:47:31', '2022-12-04 07:47:31'),
(1136, 47, 1, 3, 78.40000000, NULL, NULL, '2022-12-04 07:47:31', '2022-12-04 07:47:31'),
(1137, 47, 2, 3, 75.00000000, NULL, NULL, '2022-12-04 07:47:31', '2022-12-04 07:47:31'),
(1138, 47, 3, 3, 81.00000000, NULL, NULL, '2022-12-04 07:47:31', '2022-12-04 07:47:31'),
(1139, 47, 4, 3, 81.00000000, NULL, NULL, '2022-12-04 07:47:31', '2022-12-04 07:47:31'),
(1140, 47, 5, 3, 81.00000000, NULL, NULL, '2022-12-04 07:47:31', '2022-12-04 07:47:31'),
(1141, 48, 1, 3, 80.00000000, NULL, NULL, '2022-12-04 07:47:31', '2022-12-04 07:47:31'),
(1142, 48, 2, 3, 83.00000000, NULL, NULL, '2022-12-04 07:47:31', '2022-12-04 07:47:31'),
(1143, 48, 3, 3, 85.00000000, NULL, NULL, '2022-12-04 07:47:31', '2022-12-04 07:47:31'),
(1144, 48, 4, 3, 78.70000000, NULL, NULL, '2022-12-04 07:47:31', '2022-12-04 07:47:31'),
(1145, 48, 5, 3, 81.00000000, NULL, NULL, '2022-12-04 07:47:31', '2022-12-04 07:47:31'),
(1146, 49, 1, 3, 72.00000000, NULL, NULL, '2022-12-04 07:47:31', '2022-12-04 07:47:31'),
(1147, 49, 2, 3, 85.00000000, NULL, NULL, '2022-12-04 07:47:31', '2022-12-04 07:47:31'),
(1148, 49, 3, 3, 84.00000000, NULL, NULL, '2022-12-04 07:47:31', '2022-12-04 07:47:31'),
(1149, 49, 4, 3, 83.00000000, NULL, NULL, '2022-12-04 07:47:31', '2022-12-04 07:47:31'),
(1150, 49, 5, 3, 84.37000000, NULL, NULL, '2022-12-04 07:47:31', '2022-12-04 07:47:31'),
(1151, 50, 1, 3, 78.70000000, NULL, NULL, '2022-12-04 07:47:31', '2022-12-04 07:47:31'),
(1152, 50, 2, 3, 81.00000000, NULL, NULL, '2022-12-04 07:47:31', '2022-12-04 07:47:31'),
(1153, 50, 3, 3, 83.00000000, NULL, NULL, '2022-12-04 07:47:31', '2022-12-04 07:47:31'),
(1154, 50, 4, 3, 85.00000000, NULL, NULL, '2022-12-04 07:47:31', '2022-12-04 07:47:31'),
(1155, 50, 5, 3, 83.33000000, NULL, NULL, '2022-12-04 07:47:31', '2022-12-04 07:47:31'),
(1156, 51, 1, 3, 81.94000000, NULL, NULL, '2022-12-04 07:47:31', '2022-12-04 07:47:31'),
(1157, 51, 2, 3, 78.40000000, NULL, NULL, '2022-12-04 07:47:31', '2022-12-04 07:47:31'),
(1158, 51, 3, 3, 70.63000000, NULL, NULL, '2022-12-04 07:47:31', '2022-12-04 07:47:31'),
(1159, 51, 4, 3, 80.60000000, NULL, NULL, '2022-12-04 07:47:31', '2022-12-04 07:47:31'),
(1160, 51, 5, 3, 85.41000000, NULL, NULL, '2022-12-04 07:47:31', '2022-12-04 07:47:31'),
(1161, 52, 1, 3, 80.00000000, NULL, NULL, '2022-12-04 07:47:31', '2022-12-04 07:47:31'),
(1162, 52, 2, 3, 80.00000000, NULL, NULL, '2022-12-04 07:47:31', '2022-12-04 07:47:31'),
(1163, 52, 3, 3, 72.00000000, NULL, NULL, '2022-12-04 07:47:31', '2022-12-04 07:47:31'),
(1164, 52, 4, 3, 78.70000000, NULL, NULL, '2022-12-04 07:47:31', '2022-12-04 07:47:31'),
(1165, 52, 5, 3, 81.00000000, NULL, NULL, '2022-12-04 07:47:31', '2022-12-04 07:47:31'),
(1166, 53, 1, 3, 78.70000000, NULL, NULL, '2022-12-04 07:47:31', '2022-12-04 07:47:31'),
(1167, 53, 2, 3, 78.70000000, NULL, NULL, '2022-12-04 07:47:31', '2022-12-04 07:47:31'),
(1168, 53, 3, 3, 72.00000000, NULL, NULL, '2022-12-04 07:47:31', '2022-12-04 07:47:31'),
(1169, 53, 4, 3, 81.25000000, NULL, NULL, '2022-12-04 07:47:31', '2022-12-04 07:47:31'),
(1170, 53, 5, 3, 82.29000000, NULL, NULL, '2022-12-04 07:47:31', '2022-12-04 07:47:31'),
(1171, 54, 1, 3, 76.25000000, NULL, NULL, '2022-12-04 07:47:31', '2022-12-04 07:47:31'),
(1172, 54, 2, 3, 78.41000000, NULL, NULL, '2022-12-04 07:47:31', '2022-12-04 07:47:31'),
(1173, 54, 3, 3, 72.00000000, NULL, NULL, '2022-12-04 07:47:31', '2022-12-04 07:47:31'),
(1174, 54, 4, 3, 81.81000000, NULL, NULL, '2022-12-04 07:47:31', '2022-12-04 07:47:31'),
(1175, 54, 5, 3, 79.17000000, NULL, NULL, '2022-12-04 07:47:31', '2022-12-04 07:47:31'),
(1176, 55, 1, 3, 77.27000000, NULL, NULL, '2022-12-04 07:47:31', '2022-12-04 07:47:31'),
(1177, 55, 2, 3, 71.25000000, NULL, NULL, '2022-12-04 07:47:31', '2022-12-04 07:47:31'),
(1178, 55, 3, 3, 81.00000000, NULL, NULL, '2022-12-04 07:47:31', '2022-12-04 07:47:31'),
(1179, 55, 4, 3, 71.25000000, NULL, NULL, '2022-12-04 07:47:31', '2022-12-04 07:47:31'),
(1180, 55, 5, 3, 83.00000000, NULL, NULL, '2022-12-04 07:47:31', '2022-12-04 07:47:31'),
(1181, 56, 1, 3, 86.25000000, NULL, NULL, '2022-12-04 07:47:31', '2022-12-04 07:47:31'),
(1182, 56, 2, 3, 70.63000000, NULL, NULL, '2022-12-04 07:47:31', '2022-12-04 07:47:31'),
(1183, 56, 3, 3, 72.00000000, NULL, NULL, '2022-12-04 07:47:31', '2022-12-04 07:47:31'),
(1184, 56, 4, 3, 83.10000000, NULL, NULL, '2022-12-04 07:47:31', '2022-12-04 07:47:31'),
(1185, 56, 5, 3, 78.70000000, NULL, NULL, '2022-12-04 07:47:31', '2022-12-04 07:47:31'),
(1186, 57, 1, 3, 72.00000000, NULL, NULL, '2022-12-04 07:47:31', '2022-12-04 07:47:31'),
(1187, 57, 2, 3, 81.00000000, NULL, NULL, '2022-12-04 07:47:31', '2022-12-04 07:47:31'),
(1188, 57, 3, 3, 78.70000000, NULL, NULL, '2022-12-04 07:47:31', '2022-12-04 07:47:31'),
(1189, 57, 4, 3, 82.29000000, NULL, NULL, '2022-12-04 07:47:31', '2022-12-04 07:47:31'),
(1190, 57, 5, 3, 82.29000000, NULL, NULL, '2022-12-04 07:47:31', '2022-12-04 07:47:31'),
(1191, 58, 1, 3, 82.50000000, NULL, NULL, '2022-12-04 07:47:31', '2022-12-04 07:47:31'),
(1192, 58, 2, 3, 81.81000000, NULL, NULL, '2022-12-04 07:47:31', '2022-12-04 07:47:31'),
(1193, 58, 3, 3, 81.00000000, NULL, NULL, '2022-12-04 07:47:31', '2022-12-04 07:47:31'),
(1194, 58, 4, 3, 70.63000000, NULL, NULL, '2022-12-04 07:47:31', '2022-12-04 07:47:31'),
(1195, 58, 5, 3, 81.25000000, NULL, NULL, '2022-12-04 07:47:31', '2022-12-04 07:47:31'),
(1196, 59, 1, 3, 81.00000000, NULL, NULL, '2022-12-04 07:47:31', '2022-12-04 07:47:31'),
(1197, 59, 2, 3, 83.00000000, NULL, NULL, '2022-12-04 07:47:31', '2022-12-04 07:47:31'),
(1198, 59, 3, 3, 69.00000000, NULL, NULL, '2022-12-04 07:47:31', '2022-12-04 07:47:31'),
(1199, 59, 4, 3, 72.00000000, NULL, NULL, '2022-12-04 07:47:31', '2022-12-04 07:47:31'),
(1200, 59, 5, 3, 78.70000000, NULL, NULL, '2022-12-04 07:47:31', '2022-12-04 07:47:31'),
(1201, 60, 1, 3, 81.81000000, NULL, NULL, '2022-12-04 07:47:31', '2022-12-04 07:47:31'),
(1202, 60, 2, 3, 80.06000000, NULL, NULL, '2022-12-04 07:47:31', '2022-12-04 07:47:31'),
(1203, 60, 3, 3, 80.68000000, NULL, NULL, '2022-12-04 07:47:31', '2022-12-04 07:47:31'),
(1204, 60, 4, 3, 81.81000000, NULL, NULL, '2022-12-04 07:47:31', '2022-12-04 07:47:31'),
(1205, 60, 5, 3, 84.37000000, NULL, NULL, '2022-12-04 07:47:31', '2022-12-04 07:47:31'),
(1206, 61, 1, 3, 80.00000000, NULL, NULL, '2022-12-04 07:47:31', '2022-12-04 07:47:31'),
(1207, 61, 2, 3, 78.70000000, NULL, NULL, '2022-12-04 07:47:31', '2022-12-04 07:47:31'),
(1208, 61, 3, 3, 79.50000000, NULL, NULL, '2022-12-04 07:47:31', '2022-12-04 07:47:31'),
(1209, 61, 4, 3, 82.24000000, NULL, NULL, '2022-12-04 07:47:31', '2022-12-04 07:47:31'),
(1210, 61, 5, 3, 78.13000000, NULL, NULL, '2022-12-04 07:47:31', '2022-12-04 07:47:31'),
(1211, 62, 1, 3, 80.00000000, NULL, NULL, '2022-12-04 07:47:31', '2022-12-04 07:47:31'),
(1212, 62, 2, 3, 70.63000000, NULL, NULL, '2022-12-04 07:47:31', '2022-12-04 07:47:31'),
(1213, 62, 3, 3, 81.00000000, NULL, NULL, '2022-12-04 07:47:31', '2022-12-04 07:47:31'),
(1214, 62, 4, 3, 78.70000000, NULL, NULL, '2022-12-04 07:47:31', '2022-12-04 07:47:31'),
(1215, 62, 5, 3, 81.00000000, NULL, NULL, '2022-12-04 07:47:31', '2022-12-04 07:47:31'),
(1216, 63, 1, 3, 78.70000000, NULL, NULL, '2022-12-04 07:47:31', '2022-12-04 07:47:31'),
(1217, 63, 2, 3, 70.63000000, NULL, NULL, '2022-12-04 07:47:31', '2022-12-04 07:47:31'),
(1218, 63, 3, 3, 81.00000000, NULL, NULL, '2022-12-04 07:47:31', '2022-12-04 07:47:31'),
(1219, 63, 4, 3, 82.29000000, NULL, NULL, '2022-12-04 07:47:31', '2022-12-04 07:47:31'),
(1220, 63, 5, 3, 81.29000000, NULL, NULL, '2022-12-04 07:47:31', '2022-12-04 07:47:31'),
(1221, 64, 1, 3, 83.00000000, NULL, NULL, '2022-12-04 07:47:31', '2022-12-04 07:47:31'),
(1222, 64, 2, 3, 82.29000000, NULL, NULL, '2022-12-04 07:47:31', '2022-12-04 07:47:31'),
(1223, 64, 3, 3, 80.68000000, NULL, NULL, '2022-12-04 07:47:31', '2022-12-04 07:47:31'),
(1224, 64, 4, 3, 72.00000000, NULL, NULL, '2022-12-04 07:47:31', '2022-12-04 07:47:31'),
(1225, 64, 5, 3, 82.00000000, NULL, NULL, '2022-12-04 07:47:31', '2022-12-04 07:47:31'),
(1226, 65, 1, 3, 70.63000000, NULL, NULL, '2022-12-04 07:47:31', '2022-12-04 07:47:31'),
(1227, 65, 2, 3, 81.00000000, NULL, NULL, '2022-12-04 07:47:31', '2022-12-04 07:47:31'),
(1228, 65, 3, 3, 75.03000000, NULL, NULL, '2022-12-04 07:47:31', '2022-12-04 07:47:31'),
(1229, 65, 4, 3, 77.00000000, NULL, NULL, '2022-12-04 07:47:31', '2022-12-04 07:47:31'),
(1230, 65, 5, 3, 81.12000000, NULL, NULL, '2022-12-04 07:47:31', '2022-12-04 07:47:31'),
(1231, 66, 1, 3, 78.70000000, NULL, NULL, '2022-12-04 07:47:31', '2022-12-04 07:47:31'),
(1232, 66, 2, 3, 84.00000000, NULL, NULL, '2022-12-04 07:47:31', '2022-12-04 07:47:31'),
(1233, 66, 3, 3, 70.63000000, NULL, NULL, '2022-12-04 07:47:31', '2022-12-04 07:47:31'),
(1234, 66, 4, 3, 81.00000000, NULL, NULL, '2022-12-04 07:47:31', '2022-12-04 07:47:31'),
(1235, 66, 5, 3, 83.00000000, NULL, NULL, '2022-12-04 07:47:31', '2022-12-04 07:47:31'),
(1236, 67, 1, 3, 75.00000000, NULL, NULL, '2022-12-04 07:47:31', '2022-12-04 07:47:31'),
(1237, 67, 2, 3, 81.00000000, NULL, NULL, '2022-12-04 07:47:31', '2022-12-04 07:47:31'),
(1238, 67, 3, 3, 77.09000000, NULL, NULL, '2022-12-04 07:47:31', '2022-12-04 07:47:31'),
(1239, 67, 4, 3, 81.00000000, NULL, NULL, '2022-12-04 07:47:31', '2022-12-04 07:47:31'),
(1240, 67, 5, 3, 69.00000000, NULL, NULL, '2022-12-04 07:47:31', '2022-12-04 07:47:31'),
(1241, 68, 1, 3, 82.50000000, NULL, NULL, '2022-12-04 07:47:31', '2022-12-04 07:47:31'),
(1242, 68, 2, 3, 72.00000000, NULL, NULL, '2022-12-04 07:47:31', '2022-12-04 07:47:31'),
(1243, 68, 3, 3, 81.22000000, NULL, NULL, '2022-12-04 07:47:31', '2022-12-04 07:47:31'),
(1244, 68, 4, 3, 81.00000000, NULL, NULL, '2022-12-04 07:47:31', '2022-12-04 07:47:31'),
(1245, 68, 5, 3, 71.25000000, NULL, NULL, '2022-12-04 07:47:31', '2022-12-04 07:47:31'),
(1246, 69, 1, 3, 78.65000000, NULL, NULL, '2022-12-04 07:47:31', '2022-12-04 07:47:31'),
(1247, 69, 2, 3, 70.63000000, NULL, NULL, '2022-12-04 07:47:31', '2022-12-04 07:47:31'),
(1248, 69, 3, 3, 82.29000000, NULL, NULL, '2022-12-04 07:47:31', '2022-12-04 07:47:31'),
(1249, 69, 4, 3, 78.70000000, NULL, NULL, '2022-12-04 07:47:31', '2022-12-04 07:47:31'),
(1250, 69, 5, 3, 78.70000000, NULL, NULL, '2022-12-04 07:47:31', '2022-12-04 07:47:31'),
(1251, 70, 1, 3, 82.29000000, NULL, NULL, '2022-12-04 07:47:31', '2022-12-04 07:47:31'),
(1252, 70, 2, 3, 81.00000000, NULL, NULL, '2022-12-04 07:47:31', '2022-12-04 07:47:31'),
(1253, 70, 3, 3, 80.68000000, NULL, NULL, '2022-12-04 07:47:31', '2022-12-04 07:47:31'),
(1254, 70, 4, 3, 81.25000000, NULL, NULL, '2022-12-04 07:47:31', '2022-12-04 07:47:31'),
(1255, 70, 5, 3, 81.25000000, NULL, NULL, '2022-12-04 07:47:31', '2022-12-04 07:47:31'),
(1256, 71, 1, 3, 79.70000000, NULL, NULL, '2022-12-04 07:47:31', '2022-12-04 07:47:31'),
(1257, 71, 2, 3, 81.00000000, NULL, NULL, '2022-12-04 07:47:31', '2022-12-04 07:47:31'),
(1258, 71, 3, 3, 82.40000000, NULL, NULL, '2022-12-04 07:47:31', '2022-12-04 07:47:31'),
(1259, 71, 4, 3, 83.00000000, NULL, NULL, '2022-12-04 07:47:31', '2022-12-04 07:47:31'),
(1260, 71, 5, 3, 79.10000000, NULL, NULL, '2022-12-04 07:47:31', '2022-12-04 07:47:31'),
(1261, 72, 1, 3, 76.14000000, NULL, NULL, '2022-12-04 07:47:31', '2022-12-04 07:47:31'),
(1262, 72, 2, 3, 78.12000000, NULL, NULL, '2022-12-04 07:47:31', '2022-12-04 07:47:31'),
(1263, 72, 3, 3, 81.81000000, NULL, NULL, '2022-12-04 07:47:31', '2022-12-04 07:47:31'),
(1264, 72, 4, 3, 75.00000000, NULL, NULL, '2022-12-04 07:47:31', '2022-12-04 07:47:31'),
(1265, 72, 5, 3, 77.00000000, NULL, NULL, '2022-12-04 07:47:31', '2022-12-04 07:47:31'),
(1266, 73, 1, 3, 79.70000000, NULL, NULL, '2022-12-04 07:47:31', '2022-12-04 07:47:31'),
(1267, 73, 2, 3, 78.70000000, NULL, NULL, '2022-12-04 07:47:31', '2022-12-04 07:47:31'),
(1268, 73, 3, 3, 82.29000000, NULL, NULL, '2022-12-04 07:47:31', '2022-12-04 07:47:31'),
(1269, 73, 4, 3, 76.14000000, NULL, NULL, '2022-12-04 07:47:31', '2022-12-04 07:47:31'),
(1270, 73, 5, 3, 70.63000000, NULL, NULL, '2022-12-04 07:47:31', '2022-12-04 07:47:31'),
(1271, 74, 1, 3, 72.00000000, NULL, NULL, '2022-12-04 07:47:31', '2022-12-04 07:47:31'),
(1272, 74, 2, 3, 83.00000000, NULL, NULL, '2022-12-04 07:47:31', '2022-12-04 07:47:31'),
(1273, 74, 3, 3, 80.68000000, NULL, NULL, '2022-12-04 07:47:31', '2022-12-04 07:47:31'),
(1274, 74, 4, 3, 81.87000000, NULL, NULL, '2022-12-04 07:47:31', '2022-12-04 07:47:31'),
(1275, 74, 5, 3, 78.70000000, NULL, NULL, '2022-12-04 07:47:31', '2022-12-04 07:47:31'),
(1276, 75, 1, 3, 82.29000000, NULL, NULL, '2022-12-04 07:47:31', '2022-12-04 07:47:31'),
(1277, 75, 2, 3, 82.25000000, NULL, NULL, '2022-12-04 07:47:31', '2022-12-04 07:47:31'),
(1278, 75, 3, 3, 81.81000000, NULL, NULL, '2022-12-04 07:47:31', '2022-12-04 07:47:31'),
(1279, 75, 4, 3, 82.29000000, NULL, NULL, '2022-12-04 07:47:31', '2022-12-04 07:47:31'),
(1280, 75, 5, 3, 82.29000000, NULL, NULL, '2022-12-04 07:47:31', '2022-12-04 07:47:31'),
(1281, 76, 1, 3, 82.29000000, NULL, NULL, '2022-12-04 07:47:31', '2022-12-04 07:47:31'),
(1282, 76, 2, 3, 75.00000000, NULL, NULL, '2022-12-04 07:47:31', '2022-12-04 07:47:31'),
(1283, 76, 3, 3, 70.63000000, NULL, NULL, '2022-12-04 07:47:31', '2022-12-04 07:47:31'),
(1284, 76, 4, 3, 82.29000000, NULL, NULL, '2022-12-04 07:47:31', '2022-12-04 07:47:31'),
(1285, 76, 5, 3, 75.00000000, NULL, NULL, '2022-12-04 07:47:31', '2022-12-04 07:47:31'),
(1286, 77, 1, 3, 80.00000000, NULL, NULL, '2022-12-04 07:47:31', '2022-12-04 07:47:31'),
(1287, 77, 2, 3, 82.80000000, NULL, NULL, '2022-12-04 07:47:31', '2022-12-04 07:47:31'),
(1288, 77, 3, 3, 82.29000000, NULL, NULL, '2022-12-04 07:47:31', '2022-12-04 07:47:31'),
(1289, 77, 4, 3, 81.25000000, NULL, NULL, '2022-12-04 07:47:31', '2022-12-04 07:47:31'),
(1290, 77, 5, 3, 82.29000000, NULL, NULL, '2022-12-04 07:47:31', '2022-12-04 07:47:31'),
(1291, 78, 1, 3, 70.63000000, NULL, NULL, '2022-12-04 07:47:31', '2022-12-04 07:47:31'),
(1292, 78, 2, 3, 81.00000000, NULL, NULL, '2022-12-04 07:47:31', '2022-12-04 07:47:31'),
(1293, 78, 3, 3, 69.00000000, NULL, NULL, '2022-12-04 07:47:31', '2022-12-04 07:47:31'),
(1294, 78, 4, 3, 81.00000000, NULL, NULL, '2022-12-04 07:47:31', '2022-12-04 07:47:31'),
(1295, 78, 5, 3, 81.00000000, NULL, NULL, '2022-12-04 07:47:31', '2022-12-04 07:47:31'),
(1296, 79, 1, 3, 82.25000000, NULL, NULL, '2022-12-04 07:47:31', '2022-12-04 07:47:31'),
(1297, 79, 2, 3, 78.70000000, NULL, NULL, '2022-12-04 07:47:31', '2022-12-04 07:47:31'),
(1298, 79, 3, 3, 82.95000000, NULL, NULL, '2022-12-04 07:47:31', '2022-12-04 07:47:31'),
(1299, 79, 4, 3, 82.29000000, NULL, NULL, '2022-12-04 07:47:31', '2022-12-04 07:47:31'),
(1300, 79, 5, 3, 81.25000000, NULL, NULL, '2022-12-04 07:47:31', '2022-12-04 07:47:31'),
(1301, 80, 1, 3, 69.00000000, NULL, NULL, '2022-12-04 07:47:31', '2022-12-04 07:47:31'),
(1302, 80, 2, 3, 84.00000000, NULL, NULL, '2022-12-04 07:47:31', '2022-12-04 07:47:31'),
(1303, 80, 3, 3, 81.00000000, NULL, NULL, '2022-12-04 07:47:31', '2022-12-04 07:47:31'),
(1304, 80, 4, 3, 82.29000000, NULL, NULL, '2022-12-04 07:47:31', '2022-12-04 07:47:31'),
(1305, 80, 5, 3, 82.29000000, NULL, NULL, '2022-12-04 07:47:31', '2022-12-04 07:47:31'),
(1306, 81, 1, 3, 85.00000000, NULL, NULL, '2022-12-04 07:47:31', '2022-12-04 07:47:31'),
(1307, 81, 2, 3, 81.00000000, NULL, NULL, '2022-12-04 07:47:31', '2022-12-04 07:47:31'),
(1308, 81, 3, 3, 82.24000000, NULL, NULL, '2022-12-04 07:47:31', '2022-12-04 07:47:31'),
(1309, 81, 4, 3, 70.63000000, NULL, NULL, '2022-12-04 07:47:31', '2022-12-04 07:47:31'),
(1310, 81, 5, 3, 83.33000000, NULL, NULL, '2022-12-04 07:47:31', '2022-12-04 07:47:31'),
(1311, 82, 1, 3, 80.00000000, NULL, NULL, '2022-12-04 07:47:31', '2022-12-04 07:47:31'),
(1312, 82, 2, 3, 70.63000000, NULL, NULL, '2022-12-04 07:47:31', '2022-12-04 07:47:31'),
(1313, 82, 3, 3, 78.00000000, NULL, NULL, '2022-12-04 07:47:31', '2022-12-04 07:47:31'),
(1314, 82, 4, 3, 83.00000000, NULL, NULL, '2022-12-04 07:47:31', '2022-12-04 07:47:31'),
(1315, 82, 5, 3, 81.00000000, NULL, NULL, '2022-12-04 07:47:31', '2022-12-04 07:47:31'),
(1316, 83, 1, 3, 80.88000000, NULL, NULL, '2022-12-04 07:47:31', '2022-12-04 07:47:31'),
(1317, 83, 2, 3, 82.29000000, NULL, NULL, '2022-12-04 07:47:31', '2022-12-04 07:47:31'),
(1318, 83, 3, 3, 78.70000000, NULL, NULL, '2022-12-04 07:47:31', '2022-12-04 07:47:31'),
(1319, 83, 4, 3, 78.70000000, NULL, NULL, '2022-12-04 07:47:31', '2022-12-04 07:47:31'),
(1320, 83, 5, 3, 81.00000000, NULL, NULL, '2022-12-04 07:47:31', '2022-12-04 07:47:31'),
(1321, 84, 1, 3, 78.70000000, NULL, NULL, '2022-12-04 07:47:31', '2022-12-04 07:47:31'),
(1322, 84, 2, 3, 82.29000000, NULL, NULL, '2022-12-04 07:47:31', '2022-12-04 07:47:31'),
(1323, 84, 3, 3, 84.09000000, NULL, NULL, '2022-12-04 07:47:31', '2022-12-04 07:47:31'),
(1324, 84, 4, 3, 83.75000000, NULL, NULL, '2022-12-04 07:47:31', '2022-12-04 07:47:31'),
(1325, 84, 5, 3, 81.81000000, NULL, NULL, '2022-12-04 07:47:31', '2022-12-04 07:47:31'),
(1326, 85, 1, 3, 81.25000000, NULL, NULL, '2022-12-04 07:47:31', '2022-12-04 07:47:31'),
(1327, 85, 2, 3, 81.00000000, NULL, NULL, '2022-12-04 07:47:31', '2022-12-04 07:47:31'),
(1328, 85, 3, 3, 72.00000000, NULL, NULL, '2022-12-04 07:47:31', '2022-12-04 07:47:31'),
(1329, 85, 4, 3, 69.00000000, NULL, NULL, '2022-12-04 07:47:31', '2022-12-04 07:47:31'),
(1330, 85, 5, 3, 81.00000000, NULL, NULL, '2022-12-04 07:47:31', '2022-12-04 07:47:31'),
(1331, 86, 1, 3, 78.70000000, NULL, NULL, '2022-12-04 07:47:31', '2022-12-04 07:47:31'),
(1332, 86, 2, 3, 82.29000000, NULL, NULL, '2022-12-04 07:47:31', '2022-12-04 07:47:31'),
(1333, 86, 3, 3, 82.29000000, NULL, NULL, '2022-12-04 07:47:31', '2022-12-04 07:47:31'),
(1334, 86, 4, 3, 81.25000000, NULL, NULL, '2022-12-04 07:47:31', '2022-12-04 07:47:31'),
(1335, 86, 5, 3, 81.00000000, NULL, NULL, '2022-12-04 07:47:31', '2022-12-04 07:47:31'),
(1336, 87, 1, 3, 72.00000000, NULL, NULL, '2022-12-04 07:47:31', '2022-12-04 07:47:31'),
(1337, 87, 2, 3, 81.20000000, NULL, NULL, '2022-12-04 07:47:31', '2022-12-04 07:47:31'),
(1338, 87, 3, 3, 78.70000000, NULL, NULL, '2022-12-04 07:47:31', '2022-12-04 07:47:31'),
(1339, 87, 4, 3, 81.00000000, NULL, NULL, '2022-12-04 07:47:31', '2022-12-04 07:47:31'),
(1340, 87, 5, 3, 82.29000000, NULL, NULL, '2022-12-04 07:47:31', '2022-12-04 07:47:31'),
(1341, 88, 1, 3, 82.50000000, NULL, NULL, '2022-12-04 07:47:31', '2022-12-04 07:47:31'),
(1342, 88, 2, 3, 70.63000000, NULL, NULL, '2022-12-04 07:47:31', '2022-12-04 07:47:31'),
(1343, 88, 3, 3, 82.90000000, NULL, NULL, '2022-12-04 07:47:31', '2022-12-04 07:47:31'),
(1344, 88, 4, 3, 84.30000000, NULL, NULL, '2022-12-04 07:47:31', '2022-12-04 07:47:31'),
(1345, 88, 5, 3, 82.29000000, NULL, NULL, '2022-12-04 07:47:31', '2022-12-04 07:47:31'),
(1346, 89, 1, 3, 81.00000000, NULL, NULL, '2022-12-04 07:47:31', '2022-12-04 07:47:31'),
(1347, 89, 2, 3, 78.00000000, NULL, NULL, '2022-12-04 07:47:31', '2022-12-04 07:47:31'),
(1348, 89, 3, 3, 81.00000000, NULL, NULL, '2022-12-04 07:47:31', '2022-12-04 07:47:31'),
(1349, 89, 4, 3, 78.70000000, NULL, NULL, '2022-12-04 07:47:31', '2022-12-04 07:47:31'),
(1350, 89, 5, 3, 70.63000000, NULL, NULL, '2022-12-04 07:47:31', '2022-12-04 07:47:31'),
(1351, 90, 1, 3, 74.00000000, NULL, NULL, '2022-12-04 07:47:31', '2022-12-04 07:47:31'),
(1352, 90, 2, 3, 70.63000000, NULL, NULL, '2022-12-04 07:47:31', '2022-12-04 07:47:31'),
(1353, 90, 3, 3, 72.00000000, NULL, NULL, '2022-12-04 07:47:31', '2022-12-04 07:47:31'),
(1354, 90, 4, 3, 79.00000000, NULL, NULL, '2022-12-04 07:47:31', '2022-12-04 07:47:31'),
(1355, 90, 5, 3, 78.00000000, NULL, NULL, '2022-12-04 07:47:31', '2022-12-04 07:47:31'),
(1356, 91, 1, 3, 81.00000000, NULL, NULL, '2022-12-04 07:47:31', '2022-12-04 07:47:31'),
(1357, 91, 2, 3, 82.29000000, NULL, NULL, '2022-12-04 07:47:31', '2022-12-04 07:47:31'),
(1358, 91, 3, 3, 83.00000000, NULL, NULL, '2022-12-04 07:47:31', '2022-12-04 07:47:31'),
(1359, 91, 4, 3, 70.63000000, NULL, NULL, '2022-12-04 07:47:31', '2022-12-04 07:47:31'),
(1360, 91, 5, 3, 82.29000000, NULL, NULL, '2022-12-04 07:47:31', '2022-12-04 07:47:31'),
(1361, 92, 1, 3, 82.29000000, NULL, NULL, '2022-12-04 07:47:31', '2022-12-04 07:47:31'),
(1362, 92, 2, 3, 90.00000000, NULL, NULL, '2022-12-04 07:47:31', '2022-12-04 07:47:31'),
(1363, 92, 3, 3, 81.40000000, NULL, NULL, '2022-12-04 07:47:31', '2022-12-04 07:47:31'),
(1364, 92, 4, 3, 70.63000000, NULL, NULL, '2022-12-04 07:47:31', '2022-12-04 07:47:31'),
(1365, 92, 5, 3, 69.77000000, NULL, NULL, '2022-12-04 07:47:31', '2022-12-04 07:47:31');

INSERT INTO `hasil` (`id`, `si`, `ki`, `rank`, `id_guru`, `id_periode`, `created_at`, `updated_at`) VALUES
(1, 0.01078453, 0.89084058, 55, 2, 1, '2022-12-04 07:21:04', '2022-12-04 07:32:19'),
(2, 0.01059406, 0.87510758, 68, 3, 1, '2022-12-04 07:21:04', '2022-12-04 07:32:19'),
(3, 0.01127702, 0.93152245, 10, 4, 1, '2022-12-04 07:21:05', '2022-12-04 07:32:19'),
(4, 0.01089539, 0.89999849, 43, 5, 1, '2022-12-04 07:21:05', '2022-12-04 07:32:19'),
(5, 0.01125557, 0.92975032, 11, 6, 1, '2022-12-04 07:21:05', '2022-12-04 07:32:19'),
(6, 0.01075018, 0.88800343, 61, 7, 1, '2022-12-04 07:21:05', '2022-12-04 07:32:19'),
(7, 0.01109430, 0.91642891, 25, 8, 1, '2022-12-04 07:21:05', '2022-12-04 07:32:19'),
(8, 0.01087472, 0.89829082, 44, 9, 1, '2022-12-04 07:21:05', '2022-12-04 07:32:19'),
(9, 0.01093447, 0.90322661, 39, 10, 1, '2022-12-04 07:21:05', '2022-12-04 07:32:19'),
(10, 0.01136245, 0.93857932, 6, 11, 1, '2022-12-04 07:21:05', '2022-12-04 07:32:19'),
(11, 0.01079991, 0.89211163, 53, 12, 1, '2022-12-04 07:21:05', '2022-12-04 07:32:19'),
(12, 0.01085535, 0.89669100, 48, 13, 1, '2022-12-04 07:21:05', '2022-12-04 07:32:19'),
(13, 0.01128550, 0.93222301, 9, 14, 1, '2022-12-04 07:21:05', '2022-12-04 07:32:19'),
(14, 0.01087408, 0.89823807, 45, 15, 1, '2022-12-04 07:21:05', '2022-12-04 07:32:19'),
(15, 0.01056998, 0.87311834, 71, 16, 1, '2022-12-04 07:21:05', '2022-12-04 07:32:19'),
(16, 0.01082721, 0.89436617, 51, 17, 1, '2022-12-04 07:21:05', '2022-12-04 07:32:20'),
(17, 0.01124657, 0.92900729, 13, 18, 1, '2022-12-04 07:21:05', '2022-12-04 07:32:20'),
(18, 0.01112609, 0.91905455, 22, 19, 1, '2022-12-04 07:21:05', '2022-12-04 07:32:20'),
(19, 0.01083652, 0.89513535, 50, 20, 1, '2022-12-04 07:21:05', '2022-12-04 07:32:20'),
(20, 0.01053284, 0.87005014, 74, 21, 1, '2022-12-04 07:21:05', '2022-12-04 07:32:20'),
(21, 0.01078392, 0.89079008, 56, 22, 1, '2022-12-04 07:21:05', '2022-12-04 07:32:20'),
(22, 0.01041045, 0.85994051, 82, 23, 1, '2022-12-04 07:21:05', '2022-12-04 07:32:20'),
(23, 0.01103644, 0.91164946, 29, 24, 1, '2022-12-04 07:21:05', '2022-12-04 07:32:20'),
(24, 0.01124732, 0.92906920, 12, 25, 1, '2022-12-04 07:21:05', '2022-12-04 07:32:20'),
(25, 0.01042112, 0.86082177, 81, 26, 1, '2022-12-04 07:21:06', '2022-12-04 07:32:20'),
(26, 0.01018457, 0.84128188, 89, 27, 1, '2022-12-04 07:21:06', '2022-12-04 07:32:20'),
(27, 0.01152103, 0.95167803, 3, 28, 1, '2022-12-04 07:21:06', '2022-12-04 07:32:20'),
(28, 0.01100956, 0.90942921, 32, 29, 1, '2022-12-04 07:21:06', '2022-12-04 07:32:20'),
(29, 0.01079140, 0.89140814, 54, 30, 1, '2022-12-04 07:21:06', '2022-12-04 07:32:20'),
(30, 0.01121325, 0.92625477, 17, 31, 1, '2022-12-04 07:21:06', '2022-12-04 07:32:20'),
(31, 0.01050436, 0.86769774, 78, 32, 1, '2022-12-04 07:21:06', '2022-12-04 07:32:20'),
(32, 0.01100007, 0.90864561, 33, 33, 1, '2022-12-04 07:21:06', '2022-12-04 07:32:20'),
(33, 0.01074292, 0.88740378, 62, 34, 1, '2022-12-04 07:21:06', '2022-12-04 07:32:20'),
(34, 0.01026607, 0.84801424, 86, 35, 1, '2022-12-04 07:21:06', '2022-12-04 07:32:20'),
(35, 0.01062827, 0.87793326, 65, 36, 1, '2022-12-04 07:21:06', '2022-12-04 07:32:20'),
(36, 0.01045808, 0.86387510, 79, 37, 1, '2022-12-04 07:21:06', '2022-12-04 07:32:20'),
(37, 0.01152874, 0.95231566, 2, 38, 1, '2022-12-04 07:21:06', '2022-12-04 07:32:20'),
(38, 0.01022830, 0.84489385, 87, 39, 1, '2022-12-04 07:21:06', '2022-12-04 07:32:21'),
(39, 0.01099276, 0.90804112, 36, 40, 1, '2022-12-04 07:21:06', '2022-12-04 07:32:21'),
(40, 0.01140886, 0.94241251, 4, 41, 1, '2022-12-04 07:21:06', '2022-12-04 07:32:21'),
(41, 0.01123030, 0.92766341, 15, 42, 1, '2022-12-04 07:21:06', '2022-12-04 07:32:21'),
(42, 0.01080086, 0.89218952, 52, 43, 1, '2022-12-04 07:21:06', '2022-12-04 07:32:21'),
(43, 0.01077210, 0.88981385, 58, 44, 1, '2022-12-04 07:21:06', '2022-12-04 07:32:21'),
(44, 0.01115363, 0.92132956, 21, 45, 1, '2022-12-04 07:21:06', '2022-12-04 07:32:21'),
(45, 0.01112394, 0.91887697, 23, 46, 1, '2022-12-04 07:21:06', '2022-12-04 07:32:21'),
(46, 0.01038783, 0.85807178, 83, 47, 1, '2022-12-04 07:21:06', '2022-12-04 07:32:21'),
(47, 0.01123113, 0.92773187, 14, 48, 1, '2022-12-04 07:21:06', '2022-12-04 07:32:21'),
(48, 0.01101864, 0.91017943, 30, 49, 1, '2022-12-04 07:21:07', '2022-12-04 07:32:21'),
(49, 0.01110904, 0.91764648, 24, 50, 1, '2022-12-04 07:21:07', '2022-12-04 07:32:21'),
(50, 0.01121770, 0.92662187, 16, 51, 1, '2022-12-04 07:21:07', '2022-12-04 07:32:21'),
(51, 0.01101612, 0.90997089, 31, 52, 1, '2022-12-04 07:21:07', '2022-12-04 07:32:21'),
(52, 0.01016306, 0.83950482, 90, 53, 1, '2022-12-04 07:21:07', '2022-12-04 07:32:21'),
(53, 0.01036024, 0.85579308, 84, 54, 1, '2022-12-04 07:21:07', '2022-12-04 07:32:21'),
(54, 0.01055561, 0.87193089, 73, 55, 1, '2022-12-04 07:21:07', '2022-12-04 07:32:21'),
(55, 0.01058689, 0.87451483, 69, 56, 1, '2022-12-04 07:21:07', '2022-12-04 07:32:21'),
(56, 0.01085276, 0.89647662, 49, 57, 1, '2022-12-04 07:21:07', '2022-12-04 07:32:21'),
(57, 0.01096615, 0.90584341, 38, 58, 1, '2022-12-04 07:21:07', '2022-12-04 07:32:21'),
(58, 0.01117616, 0.92319095, 19, 59, 1, '2022-12-04 07:21:07', '2022-12-04 07:32:21'),
(59, 0.01029824, 0.85067162, 85, 60, 1, '2022-12-04 07:21:07', '2022-12-04 07:32:21'),
(60, 0.01058623, 0.87446014, 70, 61, 1, '2022-12-04 07:21:07', '2022-12-04 07:32:21'),
(61, 0.01059547, 0.87522406, 67, 62, 1, '2022-12-04 07:21:07', '2022-12-04 07:32:21'),
(62, 0.01120547, 0.92561220, 18, 63, 1, '2022-12-04 07:21:07', '2022-12-04 07:32:22'),
(63, 0.01086311, 0.89733144, 46, 64, 1, '2022-12-04 07:21:07', '2022-12-04 07:32:22'),
(64, 0.01053166, 0.86995248, 75, 65, 1, '2022-12-04 07:21:07', '2022-12-04 07:32:22'),
(65, 0.01105285, 0.91300481, 28, 66, 1, '2022-12-04 07:21:07', '2022-12-04 07:32:22'),
(66, 0.01076958, 0.88960621, 59, 67, 1, '2022-12-04 07:21:08', '2022-12-04 07:32:22'),
(67, 0.01076480, 0.88921143, 60, 68, 1, '2022-12-04 07:21:08', '2022-12-04 07:32:22'),
(68, 0.01043415, 0.86189780, 80, 69, 1, '2022-12-04 07:21:08', '2022-12-04 07:32:22'),
(69, 0.01135667, 0.93810200, 7, 70, 1, '2022-12-04 07:21:08', '2022-12-04 07:32:22'),
(70, 0.01133710, 0.93648528, 8, 71, 1, '2022-12-04 07:21:08', '2022-12-04 07:32:22'),
(71, 0.01137157, 0.93933258, 5, 72, 1, '2022-12-04 07:21:08', '2022-12-04 07:32:22'),
(72, 0.01091159, 0.90133623, 42, 73, 1, '2022-12-04 07:21:08', '2022-12-04 07:32:22'),
(73, 0.01051164, 0.86829894, 76, 74, 1, '2022-12-04 07:21:08', '2022-12-04 07:32:22'),
(74, 0.01154893, 0.95398342, 1, 75, 1, '2022-12-04 07:21:08', '2022-12-04 07:32:22'),
(75, 0.01072721, 0.88610623, 63, 76, 1, '2022-12-04 07:21:08', '2022-12-04 07:32:22'),
(76, 0.01117053, 0.92272554, 20, 77, 1, '2022-12-04 07:21:08', '2022-12-04 07:32:22'),
(77, 0.01092007, 0.90203694, 41, 78, 1, '2022-12-04 07:21:08', '2022-12-04 07:32:22'),
(78, 0.01018764, 0.84153533, 88, 79, 1, '2022-12-04 07:21:08', '2022-12-04 07:32:22'),
(79, 0.00990285, 0.81801105, 91, 80, 1, '2022-12-04 07:21:08', '2022-12-04 07:32:22'),
(80, 0.01107517, 0.91484881, 27, 81, 1, '2022-12-04 07:21:08', '2022-12-04 07:32:22'),
(81, 0.01051032, 0.86818993, 77, 82, 1, '2022-12-04 07:21:08', '2022-12-04 07:32:22'),
(82, 0.01099744, 0.90842802, 34, 83, 1, '2022-12-04 07:21:08', '2022-12-04 07:32:22'),
(83, 0.01069880, 0.88375957, 64, 84, 1, '2022-12-04 07:21:08', '2022-12-04 07:32:22'),
(84, 0.01060423, 0.87594705, 66, 85, 1, '2022-12-04 07:21:08', '2022-12-04 07:32:22'),
(85, 0.01092701, 0.90261038, 40, 86, 1, '2022-12-04 07:21:08', '2022-12-04 07:32:23'),
(86, 0.01078133, 0.89057653, 57, 87, 1, '2022-12-04 07:21:08', '2022-12-04 07:32:23'),
(87, 0.01097414, 0.90650329, 37, 88, 1, '2022-12-04 07:21:08', '2022-12-04 07:32:23'),
(88, 0.01085701, 0.89682781, 47, 89, 1, '2022-12-04 07:21:08', '2022-12-04 07:32:23'),
(89, 0.01099378, 0.90812555, 35, 90, 1, '2022-12-04 07:21:08', '2022-12-04 07:32:23'),
(90, 0.01108130, 0.91535473, 26, 91, 1, '2022-12-04 07:21:09', '2022-12-04 07:32:23'),
(91, 0.01056973, 0.87309770, 72, 92, 1, '2022-12-04 07:21:09', '2022-12-04 07:32:23'),
(92, 0.01098488, 0.88106835, 38, 2, 2, '2022-12-04 07:47:04', '2022-12-04 07:47:09'),
(93, 0.01128245, 0.90493602, 12, 3, 2, '2022-12-04 07:47:04', '2022-12-04 07:47:09'),
(94, 0.01141877, 0.91586967, 4, 4, 2, '2022-12-04 07:47:04', '2022-12-04 07:47:08'),
(95, 0.01120515, 0.89873585, 15, 5, 2, '2022-12-04 07:47:05', '2022-12-04 07:47:09'),
(96, 0.01104345, 0.88576605, 26, 6, 2, '2022-12-04 07:47:05', '2022-12-04 07:47:09'),
(97, 0.01027893, 0.82444658, 85, 7, 2, '2022-12-04 07:47:05', '2022-12-04 07:47:09'),
(98, 0.01135940, 0.91110795, 6, 8, 2, '2022-12-04 07:47:05', '2022-12-04 07:47:08'),
(99, 0.01093126, 0.87676814, 43, 9, 2, '2022-12-04 07:47:05', '2022-12-04 07:47:09'),
(100, 0.01099309, 0.88172729, 37, 10, 2, '2022-12-04 07:47:05', '2022-12-04 07:47:09'),
(101, 0.01099695, 0.88203661, 36, 11, 2, '2022-12-04 07:47:05', '2022-12-04 07:47:09'),
(102, 0.01114789, 0.89414297, 18, 12, 2, '2022-12-04 07:47:05', '2022-12-04 07:47:09'),
(103, 0.01119502, 0.89792360, 16, 13, 2, '2022-12-04 07:47:05', '2022-12-04 07:47:09'),
(104, 0.01107216, 0.88806939, 21, 14, 2, '2022-12-04 07:47:05', '2022-12-04 07:47:09'),
(105, 0.01070093, 0.85829359, 63, 15, 2, '2022-12-04 07:47:05', '2022-12-04 07:47:09'),
(106, 0.00984060, 0.78928928, 90, 16, 2, '2022-12-04 07:47:05', '2022-12-04 07:47:09'),
(107, 0.01137239, 0.91214976, 5, 17, 2, '2022-12-04 07:47:05', '2022-12-04 07:47:08'),
(108, 0.01063864, 0.85329751, 69, 18, 2, '2022-12-04 07:47:05', '2022-12-04 07:47:09'),
(109, 0.01069694, 0.85797352, 64, 19, 2, '2022-12-04 07:47:05', '2022-12-04 07:47:09'),
(110, 0.01106596, 0.88757197, 23, 20, 2, '2022-12-04 07:47:05', '2022-12-04 07:47:09'),
(111, 0.01053534, 0.84501187, 76, 21, 2, '2022-12-04 07:47:05', '2022-12-04 07:47:09'),
(112, 0.01100868, 0.88297758, 31, 22, 2, '2022-12-04 07:47:05', '2022-12-04 07:47:09'),
(113, 0.01064781, 0.85403281, 68, 23, 2, '2022-12-04 07:47:05', '2022-12-04 07:47:09'),
(114, 0.01081751, 0.86764451, 54, 24, 2, '2022-12-04 07:47:05', '2022-12-04 07:47:09'),
(115, 0.01128670, 0.90527713, 10, 25, 2, '2022-12-04 07:47:05', '2022-12-04 07:47:09'),
(116, 0.01073825, 0.86128730, 58, 26, 2, '2022-12-04 07:47:05', '2022-12-04 07:47:09'),
(117, 0.01084411, 0.86977784, 49, 27, 2, '2022-12-04 07:47:06', '2022-12-04 07:47:09'),
(118, 0.01089032, 0.87348386, 47, 28, 2, '2022-12-04 07:47:06', '2022-12-04 07:47:09'),
(119, 0.01083968, 0.86942219, 50, 29, 2, '2022-12-04 07:47:06', '2022-12-04 07:47:09'),
(120, 0.01058945, 0.84935232, 73, 30, 2, '2022-12-04 07:47:06', '2022-12-04 07:47:09'),
(121, 0.01130833, 0.90701150, 9, 31, 2, '2022-12-04 07:47:06', '2022-12-04 07:47:09'),
(122, 0.01099695, 0.88203661, 35, 32, 2, '2022-12-04 07:47:06', '2022-12-04 07:47:09'),
(123, 0.01104037, 0.88551900, 28, 33, 2, '2022-12-04 07:47:06', '2022-12-04 07:47:09'),
(124, 0.01075240, 0.86242242, 56, 34, 2, '2022-12-04 07:47:06', '2022-12-04 07:47:09'),
(125, 0.01147496, 0.92037700, 3, 35, 2, '2022-12-04 07:47:06', '2022-12-04 07:47:08'),
(126, 0.01106321, 0.88735164, 24, 36, 2, '2022-12-04 07:47:06', '2022-12-04 07:47:09'),
(127, 0.01118279, 0.89694222, 17, 37, 2, '2022-12-04 07:47:06', '2022-12-04 07:47:09'),
(128, 0.01075588, 0.86270145, 55, 38, 2, '2022-12-04 07:47:06', '2022-12-04 07:47:09'),
(129, 0.01153739, 0.92538364, 2, 39, 2, '2022-12-04 07:47:06', '2022-12-04 07:47:08'),
(130, 0.01101560, 0.88353232, 30, 40, 2, '2022-12-04 07:47:06', '2022-12-04 07:47:09'),
(131, 0.01102416, 0.88421897, 29, 41, 2, '2022-12-04 07:47:06', '2022-12-04 07:47:09'),
(132, 0.01060520, 0.85061558, 71, 42, 2, '2022-12-04 07:47:06', '2022-12-04 07:47:09'),
(133, 0.01123002, 0.90073094, 14, 43, 2, '2022-12-04 07:47:06', '2022-12-04 07:47:09'),
(134, 0.01092271, 0.87608181, 45, 44, 2, '2022-12-04 07:47:06', '2022-12-04 07:47:09'),
(135, 0.01049090, 0.84144768, 77, 45, 2, '2022-12-04 07:47:06', '2022-12-04 07:47:09'),
(136, 0.01245654, 0.99910658, 1, 46, 2, '2022-12-04 07:47:06', '2022-12-04 07:47:08'),
(137, 0.01039016, 0.83336768, 81, 47, 2, '2022-12-04 07:47:07', '2022-12-04 07:47:09'),
(138, 0.01104317, 0.88574383, 27, 48, 2, '2022-12-04 07:47:07', '2022-12-04 07:47:09'),
(139, 0.01134598, 0.91003149, 7, 49, 2, '2022-12-04 07:47:07', '2022-12-04 07:47:08'),
(140, 0.01128419, 0.90507555, 11, 50, 2, '2022-12-04 07:47:07', '2022-12-04 07:47:09'),
(141, 0.01072030, 0.85984764, 60, 51, 2, '2022-12-04 07:47:07', '2022-12-04 07:47:09'),
(142, 0.01071353, 0.85930442, 61, 52, 2, '2022-12-04 07:47:07', '2022-12-04 07:47:09'),
(143, 0.01099695, 0.88203661, 33, 53, 2, '2022-12-04 07:47:07', '2022-12-04 07:47:09'),
(144, 0.01030977, 0.82691991, 84, 54, 2, '2022-12-04 07:47:07', '2022-12-04 07:47:09'),
(145, 0.01001150, 0.80299660, 89, 55, 2, '2022-12-04 07:47:07', '2022-12-04 07:47:09'),
(146, 0.01124958, 0.90229965, 13, 56, 2, '2022-12-04 07:47:07', '2022-12-04 07:47:09'),
(147, 0.01044859, 0.83805405, 78, 57, 2, '2022-12-04 07:47:07', '2022-12-04 07:47:09'),
(148, 0.01092824, 0.87652545, 44, 58, 2, '2022-12-04 07:47:07', '2022-12-04 07:47:09'),
(149, 0.01060821, 0.85085673, 70, 59, 2, '2022-12-04 07:47:07', '2022-12-04 07:47:09'),
(150, 0.01083265, 0.86885905, 53, 60, 2, '2022-12-04 07:47:07', '2022-12-04 07:47:09'),
(151, 0.01067888, 0.85652513, 67, 61, 2, '2022-12-04 07:47:07', '2022-12-04 07:47:09'),
(152, 0.01093901, 0.87738983, 41, 62, 2, '2022-12-04 07:47:07', '2022-12-04 07:47:09'),
(153, 0.01059987, 0.85018806, 72, 63, 2, '2022-12-04 07:47:07', '2022-12-04 07:47:09'),
(154, 0.01040817, 0.83481240, 80, 64, 2, '2022-12-04 07:47:07', '2022-12-04 07:47:09'),
(155, 0.01009923, 0.81003265, 87, 65, 2, '2022-12-04 07:47:07', '2022-12-04 07:47:09'),
(156, 0.01108685, 0.88924734, 19, 66, 2, '2022-12-04 07:47:07', '2022-12-04 07:47:09'),
(157, 0.01035795, 0.83078453, 83, 67, 2, '2022-12-04 07:47:07', '2022-12-04 07:47:09'),
(158, 0.01054032, 0.84541181, 75, 68, 2, '2022-12-04 07:47:07', '2022-12-04 07:47:09'),
(159, 0.01099695, 0.88203661, 34, 69, 2, '2022-12-04 07:47:07', '2022-12-04 07:47:09'),
(160, 0.01093314, 0.87691837, 42, 70, 2, '2022-12-04 07:47:07', '2022-12-04 07:47:09'),
(161, 0.01075044, 0.86226482, 57, 71, 2, '2022-12-04 07:47:08', '2022-12-04 07:47:09'),
(162, 0.01037464, 0.83212319, 82, 72, 2, '2022-12-04 07:47:08', '2022-12-04 07:47:09'),
(163, 0.01090940, 0.87501428, 46, 73, 2, '2022-12-04 07:47:08', '2022-12-04 07:47:09'),
(164, 0.01085654, 0.87077484, 48, 74, 2, '2022-12-04 07:47:08', '2022-12-04 07:47:09'),
(165, 0.01083934, 0.86939564, 51, 75, 2, '2022-12-04 07:47:08', '2022-12-04 07:47:09'),
(166, 0.00968554, 0.77685213, 91, 76, 2, '2022-12-04 07:47:08', '2022-12-04 07:47:09'),
(167, 0.01098160, 0.88080548, 39, 77, 2, '2022-12-04 07:47:08', '2022-12-04 07:47:09'),
(168, 0.01041060, 0.83500693, 79, 78, 2, '2022-12-04 07:47:08', '2022-12-04 07:47:09'),
(169, 0.01104632, 0.88599677, 25, 79, 2, '2022-12-04 07:47:08', '2022-12-04 07:47:09'),
(170, 0.01108685, 0.88924734, 20, 80, 2, '2022-12-04 07:47:08', '2022-12-04 07:47:09'),
(171, 0.01131427, 0.90748803, 8, 81, 2, '2022-12-04 07:47:08', '2022-12-04 07:47:08'),
(172, 0.01056381, 0.84729610, 74, 82, 2, '2022-12-04 07:47:08', '2022-12-04 07:47:09'),
(173, 0.01072174, 0.85996260, 59, 83, 2, '2022-12-04 07:47:08', '2022-12-04 07:47:09'),
(174, 0.01106673, 0.88763347, 22, 84, 2, '2022-12-04 07:47:08', '2022-12-04 07:47:09'),
(175, 0.01096682, 0.87962030, 40, 85, 2, '2022-12-04 07:47:08', '2022-12-04 07:47:09'),
(176, 0.01070405, 0.85854370, 62, 86, 2, '2022-12-04 07:47:08', '2022-12-04 07:47:09'),
(177, 0.01083615, 0.86913944, 52, 87, 2, '2022-12-04 07:47:08', '2022-12-04 07:47:09'),
(178, 0.01100834, 0.88295044, 32, 88, 2, '2022-12-04 07:47:08', '2022-12-04 07:47:09'),
(179, 0.01005531, 0.80651049, 88, 89, 2, '2022-12-04 07:47:08', '2022-12-04 07:47:09'),
(180, 0.01026873, 0.82362813, 86, 90, 2, '2022-12-04 07:47:08', '2022-12-04 07:47:09'),
(181, 0.01069524, 0.85783749, 65, 91, 2, '2022-12-04 07:47:08', '2022-12-04 07:47:09'),
(182, 0.01068655, 0.85714014, 66, 92, 2, '2022-12-04 07:47:08', '2022-12-04 07:47:09');
